-- MySQL dump 10.13  Distrib 8.0.36, for Win64 (x86_64)
--
-- Host: localhost    Database: SKATE_SHOP_CODER
-- ------------------------------------------------------
-- Server version	5.5.5-10.4.32-MariaDB

/*!40101 SET @OLD_CHARACTER_SET_CLIENT=@@CHARACTER_SET_CLIENT */;
/*!40101 SET @OLD_CHARACTER_SET_RESULTS=@@CHARACTER_SET_RESULTS */;
/*!40101 SET @OLD_COLLATION_CONNECTION=@@COLLATION_CONNECTION */;
/*!50503 SET NAMES utf8mb4 */;
/*!40103 SET @OLD_TIME_ZONE=@@TIME_ZONE */;
/*!40103 SET TIME_ZONE='+00:00' */;
/*!40014 SET @OLD_UNIQUE_CHECKS=@@UNIQUE_CHECKS, UNIQUE_CHECKS=0 */;
/*!40014 SET @OLD_FOREIGN_KEY_CHECKS=@@FOREIGN_KEY_CHECKS, FOREIGN_KEY_CHECKS=0 */;
/*!40101 SET @OLD_SQL_MODE=@@SQL_MODE, SQL_MODE='NO_AUTO_VALUE_ON_ZERO' */;
/*!40111 SET @OLD_SQL_NOTES=@@SQL_NOTES, SQL_NOTES=0 */;

--
-- Table structure for table `acciones_tipo_cliente`
--

DROP TABLE IF EXISTS `acciones_tipo_cliente`;
/*!40101 SET @saved_cs_client     = @@character_set_client */;
/*!50503 SET character_set_client = utf8mb4 */;
CREATE TABLE `acciones_tipo_cliente` (
  `ID` int(11) NOT NULL AUTO_INCREMENT,
  `ACCION` varchar(255) DEFAULT NULL,
  `FECHA` datetime DEFAULT current_timestamp(),
  PRIMARY KEY (`ID`)
) ENGINE=InnoDB AUTO_INCREMENT=4 DEFAULT CHARSET=utf8mb4 COLLATE=utf8mb4_general_ci;
/*!40101 SET character_set_client = @saved_cs_client */;

--
-- Dumping data for table `acciones_tipo_cliente`
--

LOCK TABLES `acciones_tipo_cliente` WRITE;
/*!40000 ALTER TABLE `acciones_tipo_cliente` DISABLE KEYS */;
INSERT INTO `acciones_tipo_cliente` VALUES (1,'SE CREO UN REGISTRO EN TIPO DE CLIENTE CON EL NOMBRE: franquiciay su ID es:1','2024-05-21 02:27:58'),(2,'SE CREO UN REGISTRO EN TIPO DE CLIENTE CON EL NOMBRE: skateshop grnadey su ID es:2','2024-05-21 02:27:58'),(3,'SE CREO UN REGISTRO EN TIPO DE CLIENTE CON EL NOMBRE: skateshop pequeñoy su ID es:3','2024-05-21 02:27:58');
/*!40000 ALTER TABLE `acciones_tipo_cliente` ENABLE KEYS */;
UNLOCK TABLES;

--
-- Table structure for table `acciones_tipo_pago`
--

DROP TABLE IF EXISTS `acciones_tipo_pago`;
/*!40101 SET @saved_cs_client     = @@character_set_client */;
/*!50503 SET character_set_client = utf8mb4 */;
CREATE TABLE `acciones_tipo_pago` (
  `ID` int(11) NOT NULL AUTO_INCREMENT,
  `ACCION` varchar(255) DEFAULT NULL,
  `FECHA` datetime DEFAULT current_timestamp(),
  PRIMARY KEY (`ID`)
) ENGINE=InnoDB AUTO_INCREMENT=5 DEFAULT CHARSET=utf8mb4 COLLATE=utf8mb4_general_ci;
/*!40101 SET character_set_client = @saved_cs_client */;

--
-- Dumping data for table `acciones_tipo_pago`
--

LOCK TABLES `acciones_tipo_pago` WRITE;
/*!40000 ALTER TABLE `acciones_tipo_pago` DISABLE KEYS */;
INSERT INTO `acciones_tipo_pago` VALUES (1,'SE CREO UN REGISTRO EN TIPO DE PAGO CON EL NOMBRE:efectivoy su ID es:1','2024-05-21 02:31:14'),(2,'SE CREO UN REGISTRO EN TIPO DE PAGO CON EL NOMBRE:creditoy su ID es:2','2024-05-21 02:31:14'),(3,'SE CREO UN REGISTRO EN TIPO DE PAGO CON EL NOMBRE:transferenciay su ID es:3','2024-05-21 02:31:14'),(4,'SE CREO UN REGISTRO EN TIPO DE PAGO CON EL NOMBRE:chequey su ID es:4','2024-05-21 02:31:14');
/*!40000 ALTER TABLE `acciones_tipo_pago` ENABLE KEYS */;
UNLOCK TABLES;

--
-- Table structure for table `articulo`
--

DROP TABLE IF EXISTS `articulo`;
/*!40101 SET @saved_cs_client     = @@character_set_client */;
/*!50503 SET character_set_client = utf8mb4 */;
CREATE TABLE `articulo` (
  `ID_ARTICULO` int(11) NOT NULL AUTO_INCREMENT,
  `DESCRIPCION` varchar(255) NOT NULL,
  `PRECIO` float NOT NULL,
  `COSTO` float NOT NULL,
  `ID_CAT` int(11) NOT NULL,
  `ID_TALLA` int(11) NOT NULL,
  `ID_TECNOLOGIA` int(11) NOT NULL,
  `ID_MATERIAL` int(11) NOT NULL,
  PRIMARY KEY (`ID_ARTICULO`),
  KEY `ID_CAT` (`ID_CAT`),
  KEY `ID_TALLA` (`ID_TALLA`),
  KEY `ID_TECNOLOGIA` (`ID_TECNOLOGIA`),
  KEY `ID_MATERIAL` (`ID_MATERIAL`),
  CONSTRAINT `articulo_ibfk_1` FOREIGN KEY (`ID_CAT`) REFERENCES `categoria_articulo` (`ID_CAT`),
  CONSTRAINT `articulo_ibfk_2` FOREIGN KEY (`ID_TALLA`) REFERENCES `talla` (`ID_TALLA`),
  CONSTRAINT `articulo_ibfk_3` FOREIGN KEY (`ID_TECNOLOGIA`) REFERENCES `tecnologia` (`ID_TECNOLOGIA`),
  CONSTRAINT `articulo_ibfk_4` FOREIGN KEY (`ID_MATERIAL`) REFERENCES `material` (`ID_MATERIAL`)
) ENGINE=InnoDB AUTO_INCREMENT=13 DEFAULT CHARSET=utf8mb4 COLLATE=utf8mb4_general_ci;
/*!40101 SET character_set_client = @saved_cs_client */;

--
-- Dumping data for table `articulo`
--

LOCK TABLES `articulo` WRITE;
/*!40000 ALTER TABLE `articulo` DISABLE KEYS */;
INSERT INTO `articulo` VALUES (1,'Santa Cruz Screaming Hand',612.25,355.11,2,1,1,1),(2,'Creature Navarrete Gravedigger',581.64,290.82,1,4,3,1),(3,'Flip Oliveira DoughBoy',551.02,225.92,3,1,2,1),(4,'Almost Ring Impact',549.99,236.5,1,1,1,1),(5,'Alien WorkShop Spectrum',494.99,272.24,1,2,1,1),(6,'Creature Provost Tripz',404.99,242.99,1,3,3,2),(7,'Almost Mullen King',314.99,170.09,2,4,2,2),(8,'Almost Shake Pit',449.99,202.5,3,3,3,2),(9,'Creature Demon Skull',522.49,219.45,1,3,4,2),(10,'Almost Serie Rellic',299.99,167.99,1,3,1,2);
/*!40000 ALTER TABLE `articulo` ENABLE KEYS */;
UNLOCK TABLES;

--
-- Temporary view structure for view `articulo_mas_vendido`
--

DROP TABLE IF EXISTS `articulo_mas_vendido`;
/*!50001 DROP VIEW IF EXISTS `articulo_mas_vendido`*/;
SET @saved_cs_client     = @@character_set_client;
/*!50503 SET character_set_client = utf8mb4 */;
/*!50001 CREATE VIEW `articulo_mas_vendido` AS SELECT 
 1 AS `DESCRIPCION`,
 1 AS `CANTIDAD`*/;
SET character_set_client = @saved_cs_client;

--
-- Temporary view structure for view `articulo_menos_vendido`
--

DROP TABLE IF EXISTS `articulo_menos_vendido`;
/*!50001 DROP VIEW IF EXISTS `articulo_menos_vendido`*/;
SET @saved_cs_client     = @@character_set_client;
/*!50503 SET character_set_client = utf8mb4 */;
/*!50001 CREATE VIEW `articulo_menos_vendido` AS SELECT 
 1 AS `DESCRIPCION`,
 1 AS `CANTIDAD`*/;
SET character_set_client = @saved_cs_client;

--
-- Table structure for table `categoria_articulo`
--

DROP TABLE IF EXISTS `categoria_articulo`;
/*!40101 SET @saved_cs_client     = @@character_set_client */;
/*!50503 SET character_set_client = utf8mb4 */;
CREATE TABLE `categoria_articulo` (
  `ID_CAT` int(11) NOT NULL AUTO_INCREMENT,
  `CAT_ARTICULO` varchar(20) DEFAULT NULL,
  PRIMARY KEY (`ID_CAT`)
) ENGINE=InnoDB AUTO_INCREMENT=4 DEFAULT CHARSET=utf8mb4 COLLATE=utf8mb4_general_ci;
/*!40101 SET character_set_client = @saved_cs_client */;

--
-- Dumping data for table `categoria_articulo`
--

LOCK TABLES `categoria_articulo` WRITE;
/*!40000 ALTER TABLE `categoria_articulo` DISABLE KEYS */;
INSERT INTO `categoria_articulo` VALUES (1,'alta'),(2,'media'),(3,'baja');
/*!40000 ALTER TABLE `categoria_articulo` ENABLE KEYS */;
UNLOCK TABLES;

--
-- Table structure for table `ciudad`
--

DROP TABLE IF EXISTS `ciudad`;
/*!40101 SET @saved_cs_client     = @@character_set_client */;
/*!50503 SET character_set_client = utf8mb4 */;
CREATE TABLE `ciudad` (
  `ID_CIUDAD` int(11) NOT NULL AUTO_INCREMENT,
  `CIUDAD` varchar(100) NOT NULL,
  PRIMARY KEY (`ID_CIUDAD`)
) ENGINE=InnoDB AUTO_INCREMENT=22 DEFAULT CHARSET=utf8mb4 COLLATE=utf8mb4_general_ci;
/*!40101 SET character_set_client = @saved_cs_client */;

--
-- Dumping data for table `ciudad`
--

LOCK TABLES `ciudad` WRITE;
/*!40000 ALTER TABLE `ciudad` DISABLE KEYS */;
INSERT INTO `ciudad` VALUES (1,'barcelona'),(2,'granada'),(3,'lisboa'),(4,'valencia'),(5,'madrid'),(6,'marcella'),(7,'braga'),(8,'oporto'),(9,'paris'),(10,'sevilla'),(11,'toulouse'),(12,'florencia'),(13,'milan'),(14,'roma'),(15,'toledo'),(16,'berlin'),(17,'alicante'),(18,'munich'),(19,'hamburgo'),(20,'napoles'),(21,'noremberg');
/*!40000 ALTER TABLE `ciudad` ENABLE KEYS */;
UNLOCK TABLES;

--
-- Temporary view structure for view `ciudad_mas_compras`
--

DROP TABLE IF EXISTS `ciudad_mas_compras`;
/*!50001 DROP VIEW IF EXISTS `ciudad_mas_compras`*/;
SET @saved_cs_client     = @@character_set_client;
/*!50503 SET character_set_client = utf8mb4 */;
/*!50001 CREATE VIEW `ciudad_mas_compras` AS SELECT 
 1 AS `CIUDAD`,
 1 AS `CANTIDAD`*/;
SET character_set_client = @saved_cs_client;

--
-- Temporary view structure for view `ciudad_menos_compras`
--

DROP TABLE IF EXISTS `ciudad_menos_compras`;
/*!50001 DROP VIEW IF EXISTS `ciudad_menos_compras`*/;
SET @saved_cs_client     = @@character_set_client;
/*!50503 SET character_set_client = utf8mb4 */;
/*!50001 CREATE VIEW `ciudad_menos_compras` AS SELECT 
 1 AS `CIUDAD`,
 1 AS `CANTIDAD`*/;
SET character_set_client = @saved_cs_client;

--
-- Table structure for table `cliente`
--

DROP TABLE IF EXISTS `cliente`;
/*!40101 SET @saved_cs_client     = @@character_set_client */;
/*!50503 SET character_set_client = utf8mb4 */;
CREATE TABLE `cliente` (
  `ID_CLIENTE` int(11) NOT NULL AUTO_INCREMENT,
  `NOMBRE_CLIENTE` varchar(50) NOT NULL,
  `ID_CIUDAD` int(11) NOT NULL,
  `ID_PAIS` int(11) NOT NULL,
  `ID_ENVIO` int(11) NOT NULL,
  PRIMARY KEY (`ID_CLIENTE`),
  KEY `ID_PAIS` (`ID_PAIS`),
  KEY `ID_CIUDAD` (`ID_CIUDAD`),
  KEY `ID_ENVIO` (`ID_ENVIO`),
  CONSTRAINT `cliente_ibfk_1` FOREIGN KEY (`ID_PAIS`) REFERENCES `pais` (`ID_PAIS`),
  CONSTRAINT `cliente_ibfk_2` FOREIGN KEY (`ID_CIUDAD`) REFERENCES `ciudad` (`ID_CIUDAD`),
  CONSTRAINT `cliente_ibfk_3` FOREIGN KEY (`ID_ENVIO`) REFERENCES `envio` (`ID_ENVIO`)
) ENGINE=InnoDB AUTO_INCREMENT=29 DEFAULT CHARSET=utf8mb4 COLLATE=utf8mb4_general_ci;
/*!40101 SET character_set_client = @saved_cs_client */;

--
-- Dumping data for table `cliente`
--

LOCK TABLES `cliente` WRITE;
/*!40000 ALTER TABLE `cliente` DISABLE KEYS */;
INSERT INTO `cliente` VALUES (1,'MainLine SkateShop',1,1,1),(2,'Brooklin Projects SkateBoarding',2,1,5),(3,'District SkateBoard Shop',3,2,3),(4,'Rider Shack',4,3,5),(5,'Off Top SkateShop',5,1,5),(6,'The Garage Board Shop',6,4,2),(7,'DMB Global Inc',7,2,1),(8,'Track & Roller Co',8,2,1),(9,'Warning SkateShop',9,4,1),(10,'Collective',10,1,1),(11,'Planet Maple SkateShop',11,4,5),(12,'Mike Bike Shop',12,3,5),(13,'Psychward SkateShop',1,1,4),(14,'Snotty Nose Bastards',13,3,2),(15,'Palace SkateBoards',14,3,2),(16,'Loaded Boards',9,4,4),(17,'Dazadi Inc',9,4,3),(18,'L.A Skate Co',1,1,4),(19,'Nostalgic SkateBoard',14,3,3),(20,'Supreme',15,1,5),(21,'Hot Rod',13,3,5),(22,'Non Factory',16,5,2),(23,'No School SkateShop',17,1,2),(24,'Traffic BoardShop',18,5,5),(25,'Underground Skate Supply',19,5,3),(26,'Keen Ramps',20,3,3),(27,'City of bell',21,5,3),(28,'Snyder SkateShop',5,1,3);
/*!40000 ALTER TABLE `cliente` ENABLE KEYS */;
UNLOCK TABLES;

--
-- Temporary view structure for view `cliente_mas_compras`
--

DROP TABLE IF EXISTS `cliente_mas_compras`;
/*!50001 DROP VIEW IF EXISTS `cliente_mas_compras`*/;
SET @saved_cs_client     = @@character_set_client;
/*!50503 SET character_set_client = utf8mb4 */;
/*!50001 CREATE VIEW `cliente_mas_compras` AS SELECT 
 1 AS `NOMBRE_CLIENTE`,
 1 AS `CANTIDAD`*/;
SET character_set_client = @saved_cs_client;

--
-- Temporary view structure for view `cliente_menos_compras`
--

DROP TABLE IF EXISTS `cliente_menos_compras`;
/*!50001 DROP VIEW IF EXISTS `cliente_menos_compras`*/;
SET @saved_cs_client     = @@character_set_client;
/*!50503 SET character_set_client = utf8mb4 */;
/*!50001 CREATE VIEW `cliente_menos_compras` AS SELECT 
 1 AS `NOMBRE_CLIENTE`,
 1 AS `CANTIDAD`*/;
SET character_set_client = @saved_cs_client;

--
-- Table structure for table `envio`
--

DROP TABLE IF EXISTS `envio`;
/*!40101 SET @saved_cs_client     = @@character_set_client */;
/*!50503 SET character_set_client = utf8mb4 */;
CREATE TABLE `envio` (
  `ID_ENVIO` int(11) NOT NULL AUTO_INCREMENT,
  `ENVIO` varchar(100) NOT NULL,
  PRIMARY KEY (`ID_ENVIO`)
) ENGINE=InnoDB AUTO_INCREMENT=6 DEFAULT CHARSET=utf8mb4 COLLATE=utf8mb4_general_ci;
/*!40101 SET character_set_client = @saved_cs_client */;

--
-- Dumping data for table `envio`
--

LOCK TABLES `envio` WRITE;
/*!40000 ALTER TABLE `envio` DISABLE KEYS */;
INSERT INTO `envio` VALUES (1,'dhl'),(2,'fedex'),(3,'ups'),(4,'schenker'),(5,'tnt');
/*!40000 ALTER TABLE `envio` ENABLE KEYS */;
UNLOCK TABLES;

--
-- Table structure for table `factura`
--

DROP TABLE IF EXISTS `factura`;
/*!40101 SET @saved_cs_client     = @@character_set_client */;
/*!50503 SET character_set_client = utf8mb4 */;
CREATE TABLE `factura` (
  `ID_FACTURA` int(11) NOT NULL AUTO_INCREMENT,
  `FACTURA` varchar(255) DEFAULT NULL,
  `ID_PAGO` int(11) NOT NULL,
  `1;2019-000001;2` varchar(50) DEFAULT NULL,
  PRIMARY KEY (`ID_FACTURA`),
  KEY `ID_PAGO` (`ID_PAGO`),
  CONSTRAINT `factura_ibfk_1` FOREIGN KEY (`ID_PAGO`) REFERENCES `tipo_pago` (`ID_PAGO`)
) ENGINE=InnoDB AUTO_INCREMENT=284 DEFAULT CHARSET=utf8mb4 COLLATE=utf8mb4_general_ci;
/*!40101 SET character_set_client = @saved_cs_client */;

--
-- Dumping data for table `factura`
--

LOCK TABLES `factura` WRITE;
/*!40000 ALTER TABLE `factura` DISABLE KEYS */;
INSERT INTO `factura` VALUES (1,'2019-000001',2,NULL),(2,'2019-000002',1,NULL),(3,'2019-000003',4,NULL),(4,'2019-000004',4,NULL),(5,'2019-000005',4,NULL),(6,'2019-000006',3,NULL),(7,'2019-000007',4,NULL),(8,'2019-000008',1,NULL),(9,'2019-000009',3,NULL),(10,'2019-000010',1,NULL),(11,'2019-000011',3,NULL),(12,'2019-000012',2,NULL),(13,'2019-000013',4,NULL),(14,'2019-000014',1,NULL),(15,'2019-000015',3,NULL),(16,'2019-000016',4,NULL),(17,'2019-000017',3,NULL),(18,'2019-000018',3,NULL),(19,'2019-000019',3,NULL),(20,'2019-000020',2,NULL),(21,'2019-000021',4,NULL),(22,'2019-000022',3,NULL),(23,'2019-000023',2,NULL),(24,'2019-000024',1,NULL),(25,'2019-000025',2,NULL),(26,'2019-000026',4,NULL),(27,'2019-000027',4,NULL),(28,'2019-000028',2,NULL),(29,'2019-000029',1,NULL),(30,'2019-000030',1,NULL),(31,'2019-000031',2,NULL),(32,'2019-000032',4,NULL),(33,'2019-000033',1,NULL),(34,'2019-000034',4,NULL),(35,'2019-000035',3,NULL),(36,'2019-000036',3,NULL),(37,'2019-000037',1,NULL),(38,'2019-000038',4,NULL),(39,'2019-000039',1,NULL),(40,'2019-000040',3,NULL),(41,'2019-000041',4,NULL),(42,'2019-000042',3,NULL),(43,'2019-000043',4,NULL),(44,'2019-000044',1,NULL),(45,'2019-000045',4,NULL),(46,'2019-000046',2,NULL),(47,'2019-000047',2,NULL),(48,'2019-000048',2,NULL),(49,'2019-000049',2,NULL),(50,'2019-000050',1,NULL),(51,'2019-000051',3,NULL),(52,'2019-000052',4,NULL),(53,'2019-000053',1,NULL),(54,'2019-000054',4,NULL),(55,'2019-000055',4,NULL),(56,'2019-000056',3,NULL),(57,'2019-000057',3,NULL),(58,'2019-000058',1,NULL),(59,'2019-000059',1,NULL),(60,'2019-000060',2,NULL),(61,'2019-000061',4,NULL),(62,'2019-000062',3,NULL),(63,'2019-000063',3,NULL),(64,'2019-000064',3,NULL),(65,'2019-000065',3,NULL),(66,'2019-000066',4,NULL),(67,'2019-000067',4,NULL),(68,'2019-000068',2,NULL),(69,'2019-000069',2,NULL),(70,'2019-000070',1,NULL),(71,'2019-000071',3,NULL),(72,'2019-000072',4,NULL),(73,'2019-000073',1,NULL),(74,'2019-000074',2,NULL),(75,'2019-000075',1,NULL),(76,'2019-000076',4,NULL),(77,'2019-000077',4,NULL),(78,'2019-000078',2,NULL),(79,'2019-000079',1,NULL),(80,'2019-000080',2,NULL),(81,'2019-000081',4,NULL),(82,'2019-000082',4,NULL),(83,'2019-000083',1,NULL),(84,'2019-000084',2,NULL),(85,'2019-000085',4,NULL),(86,'2019-000086',1,NULL),(87,'2019-000087',1,NULL),(88,'2019-000088',3,NULL),(89,'2019-000089',2,NULL),(90,'2019-000090',4,NULL),(91,'2019-000091',1,NULL),(92,'2019-000092',3,NULL),(93,'2019-000093',2,NULL),(94,'2019-000094',4,NULL),(95,'2019-000095',3,NULL),(96,'2019-000096',1,NULL),(97,'2019-000097',2,NULL),(98,'2019-000098',2,NULL),(99,'2019-000099',3,NULL),(100,'2019-000100',1,NULL),(101,'2019-000101',3,NULL),(102,'2019-000102',3,NULL),(103,'2019-000103',1,NULL),(104,'2019-000104',1,NULL),(105,'2019-000105',1,NULL),(106,'2019-000106',4,NULL),(107,'2019-000107',1,NULL),(108,'2019-000108',1,NULL),(109,'2019-000109',4,NULL),(110,'2019-000110',3,NULL),(111,'2019-000111',3,NULL),(112,'2019-000112',4,NULL),(113,'2019-000113',3,NULL),(114,'2019-000114',4,NULL),(115,'2019-000115',3,NULL),(116,'2019-000116',4,NULL),(117,'2019-000117',1,NULL),(118,'2019-000118',2,NULL),(119,'2019-000119',3,NULL),(120,'2020-000001',4,NULL),(121,'2020-000002',4,NULL),(122,'2020-000003',2,NULL),(123,'2020-000004',3,NULL),(124,'2020-000005',1,NULL),(125,'2020-000006',3,NULL),(126,'2020-000007',2,NULL),(127,'2020-000008',4,NULL),(128,'2020-000009',4,NULL),(129,'2020-000010',4,NULL),(130,'2020-000011',4,NULL),(131,'2020-000012',1,NULL),(132,'2020-000013',2,NULL),(133,'2020-000014',3,NULL),(134,'2020-000015',3,NULL),(135,'2020-000016',1,NULL),(136,'2020-000017',4,NULL),(137,'2020-000018',2,NULL),(138,'2020-000019',1,NULL),(139,'2020-000020',2,NULL),(140,'2020-000021',2,NULL),(141,'2020-000022',3,NULL),(142,'2020-000023',4,NULL),(143,'2020-000024',4,NULL),(144,'2020-000025',1,NULL),(145,'2020-000026',2,NULL),(146,'2020-000027',4,NULL),(147,'2020-000028',4,NULL),(148,'2020-000029',1,NULL),(149,'2020-000030',3,NULL),(150,'2020-000031',3,NULL),(151,'2020-000032',4,NULL),(152,'2020-000033',4,NULL),(153,'2020-000034',3,NULL),(154,'2020-000035',1,NULL),(155,'2020-000036',4,NULL),(156,'2020-000037',2,NULL),(157,'2020-000038',3,NULL),(158,'2020-000039',4,NULL),(159,'2020-000040',3,NULL),(160,'2020-000041',4,NULL),(161,'2020-000042',3,NULL),(162,'2020-000043',4,NULL),(163,'2020-000044',3,NULL),(164,'2020-000045',1,NULL),(165,'2020-000046',1,NULL),(166,'2020-000047',1,NULL),(167,'2020-000048',3,NULL),(168,'2020-000049',4,NULL),(169,'2020-000050',4,NULL),(170,'2020-000051',3,NULL),(171,'2020-000052',2,NULL),(172,'2020-000053',1,NULL),(173,'2020-000054',1,NULL),(174,'2020-000055',4,NULL),(175,'2020-000056',4,NULL),(176,'2020-000057',1,NULL),(177,'2020-000058',3,NULL),(178,'2020-000059',1,NULL),(179,'2020-000060',2,NULL),(180,'2020-000061',3,NULL),(181,'2020-000062',2,NULL),(182,'2020-000063',4,NULL),(183,'2020-000064',4,NULL),(184,'2020-000065',3,NULL),(185,'2020-000066',1,NULL),(186,'2020-000067',1,NULL),(187,'2020-000068',2,NULL),(188,'2020-000069',1,NULL),(189,'2020-000070',1,NULL),(190,'2020-000071',1,NULL),(191,'2020-000072',1,NULL),(192,'2020-000073',2,NULL),(193,'2020-000074',3,NULL),(194,'2020-000075',2,NULL),(195,'2020-000076',2,NULL),(196,'2020-000077',1,NULL),(197,'2020-000078',1,NULL),(198,'2020-000079',2,NULL),(199,'2020-000080',3,NULL),(200,'2020-000081',2,NULL),(201,'2020-000082',3,NULL),(202,'2020-000083',2,NULL),(203,'2020-000084',2,NULL),(204,'2020-000085',4,NULL),(205,'2020-000086',4,NULL),(206,'2020-000087',4,NULL),(207,'2020-000088',1,NULL),(208,'2020-000089',2,NULL),(209,'2020-000090',2,NULL),(210,'2020-000091',1,NULL),(211,'2020-000092',2,NULL),(212,'2020-000093',3,NULL),(213,'2020-000094',3,NULL),(214,'2020-000095',2,NULL),(215,'2020-000096',1,NULL),(216,'2020-000097',3,NULL),(217,'2020-000098',3,NULL),(218,'2020-000099',4,NULL),(219,'2020-000100',1,NULL),(220,'2020-000101',1,NULL),(221,'2020-000102',4,NULL),(222,'2020-000103',2,NULL),(223,'2020-000104',1,NULL),(224,'2020-000105',4,NULL),(225,'2020-000106',3,NULL),(226,'2020-000107',3,NULL),(227,'2020-000108',2,NULL),(228,'2020-000109',3,NULL),(229,'2020-000110',4,NULL),(230,'2020-000111',4,NULL),(231,'2020-000112',3,NULL),(232,'2020-000113',3,NULL),(233,'2020-000114',4,NULL),(234,'2020-000115',3,NULL),(235,'2020-000116',1,NULL),(236,'2020-000117',2,NULL),(237,'2020-000118',4,NULL),(238,'2020-000119',1,NULL),(239,'2021-000001',1,NULL),(240,'2021-000002',2,NULL),(241,'2021-000003',1,NULL),(242,'2021-000004',2,NULL),(243,'2021-000005',3,NULL),(244,'2021-000006',3,NULL),(245,'2021-000007',2,NULL),(246,'2021-000008',4,NULL),(247,'2021-000009',2,NULL),(248,'2021-000010',3,NULL),(249,'2021-000011',2,NULL),(250,'2021-000012',4,NULL),(251,'2021-000013',1,NULL),(252,'2021-000014',4,NULL),(253,'2021-000015',2,NULL),(254,'2021-000016',4,NULL),(255,'2021-000017',3,NULL),(256,'2021-000018',2,NULL),(257,'2021-000019',3,NULL),(258,'2021-000020',1,NULL),(259,'2021-000021',1,NULL),(260,'2021-000022',4,NULL),(261,'2021-000023',3,NULL),(262,'2021-000024',3,NULL),(263,'2021-000025',3,NULL),(264,'2021-000026',2,NULL),(265,'2021-000027',3,NULL),(266,'2021-000028',3,NULL),(267,'2021-000029',2,NULL),(268,'2021-000030',2,NULL),(269,'2021-000031',1,NULL),(270,'2021-000032',3,NULL),(271,'2021-000033',2,NULL),(272,'2021-000034',2,NULL),(273,'2021-000035',2,NULL),(274,'2021-000036',1,NULL),(275,'2021-000037',3,NULL),(276,'2021-000038',4,NULL),(277,'2021-000039',3,NULL),(278,'2021-000040',2,NULL),(279,'2021-000041',1,NULL),(280,'2021-000042',3,NULL),(281,'2021-000043',3,NULL),(282,'2021-000044',4,NULL),(283,'2021-000045',1,NULL);
/*!40000 ALTER TABLE `factura` ENABLE KEYS */;
UNLOCK TABLES;

--
-- Table structure for table `facturacion`
--

DROP TABLE IF EXISTS `facturacion`;
/*!40101 SET @saved_cs_client     = @@character_set_client */;
/*!50503 SET character_set_client = utf8mb4 */;
CREATE TABLE `facturacion` (
  `ID_VENTA` int(11) NOT NULL AUTO_INCREMENT,
  `NUM_FACTURA` varchar(255) NOT NULL,
  `ID_FACTURA` int(11) NOT NULL,
  `ID_ARTICULO` int(11) NOT NULL,
  `ID_MARCA` int(11) NOT NULL,
  `ID_CLIENTE` int(11) NOT NULL,
  `ID_CIUDAD` int(11) NOT NULL,
  `ID_PAIS` int(11) NOT NULL,
  `CANTIDAD` int(11) NOT NULL,
  `PRECIO` float NOT NULL,
  `COSTO` float NOT NULL,
  `ID_PAGO` int(11) NOT NULL,
  `ID_TIPO` int(11) NOT NULL,
  PRIMARY KEY (`ID_VENTA`),
  KEY `ID_TIPO` (`ID_TIPO`),
  KEY `ID_PAGO` (`ID_PAGO`),
  KEY `ID_PAIS` (`ID_PAIS`),
  KEY `ID_CIUDAD` (`ID_CIUDAD`),
  KEY `ID_CLIENTE` (`ID_CLIENTE`),
  KEY `ID_MARCA` (`ID_MARCA`),
  KEY `ID_ARTICULO` (`ID_ARTICULO`),
  KEY `ID_FACTURA` (`ID_FACTURA`),
  CONSTRAINT `facturacion_ibfk_1` FOREIGN KEY (`ID_TIPO`) REFERENCES `tipo_cliente` (`ID_TIPO`),
  CONSTRAINT `facturacion_ibfk_2` FOREIGN KEY (`ID_PAGO`) REFERENCES `tipo_pago` (`ID_PAGO`),
  CONSTRAINT `facturacion_ibfk_3` FOREIGN KEY (`ID_PAIS`) REFERENCES `pais` (`ID_PAIS`),
  CONSTRAINT `facturacion_ibfk_4` FOREIGN KEY (`ID_CIUDAD`) REFERENCES `ciudad` (`ID_CIUDAD`),
  CONSTRAINT `facturacion_ibfk_5` FOREIGN KEY (`ID_CLIENTE`) REFERENCES `cliente` (`ID_CLIENTE`),
  CONSTRAINT `facturacion_ibfk_6` FOREIGN KEY (`ID_MARCA`) REFERENCES `marca` (`ID_MARCA`),
  CONSTRAINT `facturacion_ibfk_7` FOREIGN KEY (`ID_ARTICULO`) REFERENCES `articulo` (`ID_ARTICULO`),
  CONSTRAINT `facturacion_ibfk_8` FOREIGN KEY (`ID_FACTURA`) REFERENCES `factura` (`ID_FACTURA`)
) ENGINE=InnoDB AUTO_INCREMENT=513 DEFAULT CHARSET=utf8mb4 COLLATE=utf8mb4_general_ci;
/*!40101 SET character_set_client = @saved_cs_client */;

--
-- Dumping data for table `facturacion`
--

LOCK TABLES `facturacion` WRITE;
/*!40000 ALTER TABLE `facturacion` DISABLE KEYS */;
INSERT INTO `facturacion` VALUES (1,'2019-000001',1,1,1,3,3,2,8,612.25,355.11,2,3),(2,'2019-000001',1,2,2,3,3,2,22,581.64,290.82,2,3),(3,'2019-000001',1,2,2,3,3,2,22,581.64,290.82,2,3),(4,'2019-000001',1,3,2,3,3,2,22,581.64,290.82,1,3),(5,'2019-000002',1,3,2,3,3,2,22,589.64,277.82,1,2),(6,'2019-000002',2,3,3,3,1,2,22,589.64,278.82,1,2),(7,'2019-000002',2,3,3,3,2,2,22,589.2,247.78,2,2),(8,'2019-000002',2,3,4,3,3,2,22,578.24,260.25,1,3),(9,'2019-000002',2,3,3,3,1,2,22,521.65,278.82,1,2),(10,'2019-000002',2,3,3,3,2,2,22,574.87,236.8,2,2),(11,'2019-000002',1,3,2,3,2,1,22,579.17,236.8,2,3),(12,'2019-000002',2,3,1,3,4,2,22,574.87,274.84,4,1),(13,'2019-000003',2,3,3,3,2,2,22,454.87,177.82,2,3),(14,'2019-000003',2,4,3,8,2,4,12,577.69,677.86,3,1),(15,'2019-000003',2,3,3,3,2,2,22,574.87,236.8,2,2),(16,'2019-000003',2,1,2,3,2,2,22,587.82,282.82,2,3),(17,'2019-000003',1,2,3,1,2,2,22,584.17,282.1,2,2),(18,'2019-000003',1,3,4,3,3,2,22,378.24,260.25,1,3),(19,'2019-000003',2,3,3,3,1,2,22,621.65,578.82,1,2),(20,'2019-000003',2,3,3,3,2,2,22,874.87,536.8,2,2),(21,'2019-000003',2,4,2,1,2,1,21,579.17,236.8,2,3),(22,'2019-000003',2,3,1,3,4,2,23,574.87,274.84,4,1),(23,'2019-000003',3,3,2,3,1,2,27,954.87,577.82,2,3),(24,'2019-000003',1,4,4,8,2,4,12,777.69,677.86,3,1),(25,'2019-000004',2,3,3,3,2,2,22,574.87,236.8,2,2),(26,'2019-000004',2,1,2,3,2,2,10,587.82,282.82,2,3),(27,'2019-000004',1,2,3,1,2,2,11,584.17,282.11,2,3),(28,'2019-000004',2,3,3,1,1,2,12,574.17,212.13,2,2),(29,'2019-000004',1,2,3,1,2,2,11,536.17,262.17,2,2),(30,'2019-000004',2,2,3,1,2,2,10,456.17,232.2,2,2),(31,'2019-000004',1,3,3,1,2,2,11,452.17,242.12,1,2),(32,'2019-000004',1,2,1,1,2,2,14,321.17,292.1,2,3),(33,'2019-000005',1,3,4,3,3,2,22,378.24,260.25,1,3),(34,'2019-000005',2,3,3,3,1,2,22,621.65,578.82,1,2),(35,'2019-000005',2,3,3,3,2,2,22,874.87,536.8,2,2),(36,'2019-000005',2,4,2,1,2,1,21,579.17,236.8,2,3),(37,'2019-000005',2,3,1,3,4,2,23,574.87,274.84,4,1),(38,'2019-000005',3,3,2,3,1,2,27,954.87,577.82,2,3),(39,'2019-000005',1,4,4,8,2,4,12,777.69,677.86,3,1),(40,'2019-000005',2,3,3,3,2,2,22,574.87,236.8,2,2),(41,'2019-000005',2,1,2,3,2,2,10,587.82,282.82,2,3),(42,'2019-000005',1,2,3,1,2,2,11,584.17,282.11,2,3),(43,'2019-000005',2,3,3,1,1,2,12,574.17,212.13,2,2),(44,'2019-000005',1,2,3,1,2,2,11,536.17,262.17,2,2),(45,'2019-000005',2,2,3,1,2,2,10,456.17,232.2,2,2),(46,'2019-000005',1,3,3,1,2,2,11,452.17,242.12,1,2),(47,'2019-000005',1,2,1,1,2,2,14,321.17,292.1,2,3),(48,'2019-000006',1,3,4,3,3,2,22,378.24,260.25,1,3),(49,'2019-000006',2,3,3,3,1,2,22,621.65,578.82,1,2),(50,'2019-000006',2,3,3,3,2,2,22,874.87,536.8,2,2),(51,'2019-000006',2,4,2,1,2,1,21,579.17,236.8,2,3),(52,'2019-000006',2,3,1,3,4,2,23,574.87,274.84,4,1),(53,'2019-000006',3,3,2,3,1,2,27,954.87,577.82,2,3),(54,'2019-000006',1,4,4,8,2,4,12,777.69,677.86,3,1),(55,'2019-000006',2,3,3,3,2,2,22,574.87,236.8,2,2),(56,'2019-000006',2,1,2,3,2,2,10,587.82,282.82,2,3),(57,'2019-000006',1,2,3,1,2,2,11,584.17,282.11,2,3),(58,'2019-000006',2,3,3,1,1,2,12,574.17,212.13,2,2),(59,'2019-000006',1,2,3,1,2,2,11,536.17,262.17,2,2),(60,'2019-000006',2,2,3,1,2,2,10,456.17,232.2,2,2),(61,'2019-000006',1,3,3,1,2,2,11,452.17,242.12,1,2),(62,'2019-000006',1,2,1,1,2,2,14,321.17,292.1,2,3),(63,'2019-000007',1,3,4,3,3,2,22,378.24,260.25,1,3),(64,'2019-000007',2,3,3,3,1,2,22,621.65,578.82,1,2),(65,'2019-000007',2,3,3,3,2,2,22,874.87,536.8,2,2),(66,'2019-000007',2,4,2,1,2,1,21,579.17,236.8,2,3),(67,'2019-000007',2,3,1,3,4,2,23,574.87,274.84,4,1),(68,'2019-000007',3,3,2,3,1,2,27,954.87,577.82,2,3),(69,'2019-000007',1,4,4,8,2,4,12,777.69,677.86,3,1),(70,'2019-000007',2,3,3,3,2,2,22,574.87,236.8,2,2),(71,'2019-000007',2,1,2,3,2,2,10,587.82,282.82,2,3),(72,'2019-000007',1,2,3,1,2,2,11,584.17,282.11,2,3),(73,'2019-000007',2,3,3,1,1,2,12,574.17,212.13,2,2),(74,'2019-000007',1,2,3,1,2,2,11,536.17,262.17,2,2),(75,'2019-000007',2,2,3,1,2,2,10,456.17,232.2,2,2),(76,'2019-000007',1,3,3,1,2,2,11,452.17,242.12,1,2),(77,'2019-000007',1,2,1,1,2,2,14,321.17,292.1,2,3),(78,'2019-000008',1,3,4,3,3,2,22,378.24,260.25,1,3),(79,'2019-000008',2,3,3,3,1,2,22,621.65,578.82,1,2),(80,'2019-000008',2,3,3,3,2,2,22,874.87,536.8,2,2),(81,'2019-000008',2,4,2,1,2,1,21,579.17,236.8,2,3),(82,'2019-000008',2,3,1,3,4,2,23,574.87,274.84,4,1),(83,'2019-000008',3,3,2,3,1,2,27,954.87,577.82,2,3),(84,'2019-000008',1,4,4,8,2,4,12,777.69,677.86,3,1),(85,'2019-000008',2,3,3,3,2,2,22,574.87,236.8,2,2),(86,'2019-000008',2,1,2,3,2,2,10,587.82,282.82,2,3),(87,'2019-000008',1,2,3,1,2,2,11,584.17,282.11,2,3),(88,'2019-000008',2,3,3,1,1,2,12,574.17,212.13,2,2),(89,'2019-000008',1,2,3,1,2,2,11,536.17,262.17,2,2),(90,'2019-000008',2,2,3,1,2,2,10,456.17,232.2,2,2),(91,'2019-000008',1,3,3,1,2,2,11,452.17,242.12,1,2),(92,'2019-000008',1,2,1,1,2,2,14,321.17,292.1,2,3),(93,'2019-000008',1,3,4,3,3,2,22,378.24,260.25,1,3),(94,'2019-000008',2,3,3,3,1,2,22,621.65,578.82,1,2),(95,'2019-000008',2,3,3,3,2,2,22,874.87,536.8,2,2),(96,'2019-000008',2,4,2,1,2,1,21,579.17,236.8,2,3),(97,'2019-000008',2,3,1,3,4,2,23,574.87,274.84,4,1),(98,'2019-000008',3,3,2,3,1,2,27,954.87,577.82,2,3),(99,'2019-000008',1,4,4,8,2,4,12,777.69,677.86,3,1),(100,'2019-000008',2,3,3,3,2,2,22,574.87,236.8,2,2),(101,'2019-000008',2,1,2,3,2,2,10,587.82,282.82,2,3),(102,'2019-000008',1,2,3,1,2,2,11,584.17,282.11,2,3),(103,'2019-000008',2,3,3,1,1,2,12,574.17,212.13,2,2),(104,'2019-000008',1,2,3,1,2,2,11,536.17,262.17,2,2),(105,'2019-000008',2,2,3,1,2,2,10,456.17,232.2,2,2),(106,'2019-000008',1,3,3,1,2,2,11,452.17,242.12,1,2),(107,'2019-000008',1,2,1,1,2,2,14,321.17,292.1,2,3),(108,'2019-000008',1,3,4,3,3,2,22,378.24,260.25,1,3),(109,'2019-000008',2,3,3,3,1,2,22,621.65,578.82,1,2),(110,'2019-000008',2,3,3,3,2,2,22,874.87,536.8,2,2),(111,'2019-000008',2,4,2,1,2,1,21,579.17,236.8,2,3),(112,'2019-000008',2,3,1,3,4,2,23,574.87,274.84,4,1),(113,'2019-000008',3,3,2,3,1,2,27,954.87,577.82,2,3),(114,'2019-000008',1,4,4,8,2,4,12,777.69,677.86,3,1),(115,'2019-000008',2,3,3,3,2,2,22,574.87,236.8,2,2),(116,'2019-000008',2,1,2,3,2,2,10,587.82,282.82,2,3),(117,'2019-000008',1,2,3,1,2,2,11,584.17,282.11,2,3),(118,'2019-000008',2,3,3,1,1,2,12,574.17,212.13,2,2),(119,'2019-000008',1,2,3,1,2,2,11,536.17,262.17,2,2),(120,'2019-000008',2,2,3,1,2,2,10,456.17,232.2,2,2),(121,'2019-000008',1,3,3,1,2,2,11,452.17,242.12,1,2),(122,'2019-000008',1,2,1,1,2,2,14,321.17,292.1,2,3),(123,'2019-000008',1,3,4,3,3,2,22,378.24,260.25,1,3),(124,'2019-000008',2,3,3,3,1,2,22,621.65,578.82,1,2),(125,'2019-000008',2,3,3,3,2,2,22,874.87,536.8,2,2),(126,'2019-000008',2,4,2,1,2,1,21,579.17,236.8,2,3),(127,'2019-000008',2,3,1,3,4,2,23,574.87,274.84,4,1),(128,'2019-000008',3,3,2,3,1,2,27,954.87,577.82,2,3),(129,'2019-000008',1,4,4,8,2,4,12,777.69,677.86,3,1),(130,'2019-000008',2,3,3,3,2,2,22,574.87,236.8,2,2),(131,'2019-000008',2,1,2,3,2,2,10,587.82,282.82,2,3),(132,'2019-000008',1,2,3,1,2,2,11,584.17,282.11,2,3),(133,'2019-000008',2,3,3,1,1,2,12,574.17,212.13,2,2),(134,'2019-000008',1,2,3,1,2,2,11,536.17,262.17,2,2),(135,'2019-000008',2,2,3,1,2,2,10,456.17,232.2,2,2),(136,'2019-000008',1,3,3,1,2,2,11,452.17,242.12,1,2),(137,'2019-000008',1,2,1,1,2,2,14,321.17,292.1,2,3),(138,'2019-000009',1,3,4,3,3,2,22,378.24,260.25,1,3),(139,'2019-000009',2,3,3,3,1,2,22,621.65,578.82,1,2),(140,'2019-000009',2,3,3,3,2,2,22,874.87,536.8,2,2),(141,'2019-000009',2,4,2,1,2,1,21,579.17,236.8,2,3),(142,'2019-000009',2,3,1,3,4,2,23,574.87,274.84,4,1),(143,'2019-000009',3,3,2,3,1,2,27,954.87,577.82,2,3),(144,'2019-000009',1,4,4,8,2,4,12,777.69,677.86,3,1),(145,'2019-000009',2,3,3,3,2,2,22,574.87,236.8,2,2),(146,'2019-000009',2,1,2,3,2,2,10,587.82,282.82,2,3),(147,'2019-000009',1,2,3,1,2,2,11,584.17,282.11,2,3),(148,'2019-000009',2,3,3,1,1,2,12,574.17,212.13,2,2),(149,'2019-000009',1,2,3,1,2,2,11,536.17,262.17,2,2),(150,'2019-000009',2,2,3,1,2,2,10,456.17,232.2,2,2),(151,'2019-000009',1,3,3,1,2,2,11,452.17,242.12,1,2),(152,'2019-000009',1,2,1,1,2,2,14,321.17,292.1,2,3),(153,'2019-000009',1,3,4,3,3,2,22,378.24,260.25,1,3),(154,'2019-000009',2,3,3,3,1,2,22,621.65,578.82,1,2),(155,'2019-000009',2,3,3,3,2,2,22,874.87,536.8,2,2),(156,'2019-000009',2,4,2,1,2,1,21,579.17,236.8,2,3),(157,'2019-000009',2,3,1,3,4,2,23,574.87,274.84,4,1),(158,'2019-000009',3,3,2,3,1,2,27,954.87,577.82,2,3),(159,'2019-000009',1,4,4,8,2,4,12,777.69,677.86,3,1),(160,'2019-000009',2,3,3,3,2,2,22,574.87,236.8,2,2),(161,'2019-000009',2,1,2,3,2,2,10,587.82,282.82,2,3),(162,'2019-000009',1,2,3,1,2,2,11,584.17,282.11,2,3),(163,'2019-000009',2,3,3,1,1,2,12,574.17,212.13,2,2),(164,'2019-000009',1,2,3,1,2,2,11,536.17,262.17,2,2),(165,'2019-000009',2,2,3,1,2,2,10,456.17,232.2,2,2),(166,'2019-000009',1,3,3,1,2,2,11,452.17,242.12,1,2),(167,'2019-000009',1,2,1,1,2,2,14,321.17,292.1,2,3),(168,'2019-000010',1,3,4,3,3,2,22,378.24,260.25,1,3),(169,'2019-000010',2,3,3,3,1,2,22,621.65,578.82,1,2),(170,'2019-000010',2,3,3,3,2,2,22,874.87,536.8,2,2),(171,'2019-000010',2,4,2,1,2,1,21,579.17,236.8,2,3),(172,'2019-000010',2,3,1,3,4,2,23,574.87,274.84,4,1),(173,'2019-000010',3,3,2,3,1,2,27,954.87,577.82,2,3),(174,'2019-000010',1,4,4,8,2,4,12,777.69,677.86,3,1),(175,'2019-000010',2,3,3,3,2,2,22,574.87,236.8,2,2),(176,'2019-000010',2,1,2,3,2,2,10,587.82,282.82,2,3),(177,'2019-000010',1,2,3,1,2,2,11,584.17,282.11,2,3),(178,'2019-000010',2,3,3,1,1,2,12,574.17,212.13,2,2),(179,'2019-000010',1,2,3,1,2,2,11,536.17,262.17,2,2),(180,'2019-000010',2,2,3,1,2,2,10,456.17,232.2,2,2),(181,'2019-000010',1,3,3,1,2,2,11,452.17,242.12,1,2),(182,'2019-000010',1,2,1,1,2,2,14,321.17,292.1,2,3),(183,'2019-000010',1,3,4,3,3,2,22,378.24,260.25,1,3),(184,'2019-000010',2,3,3,3,1,2,22,621.65,578.82,1,2),(185,'2019-000010',2,3,3,3,2,2,22,874.87,536.8,2,2),(186,'2019-000010',2,4,2,1,2,1,21,579.17,236.8,2,3),(187,'2019-000010',2,3,1,3,4,2,23,574.87,274.84,4,1),(188,'2019-000010',3,3,2,3,1,2,27,954.87,577.82,2,3),(189,'2019-000010',1,4,4,8,2,4,12,777.69,677.86,3,1),(190,'2019-000010',2,3,3,3,2,2,22,574.87,236.8,2,2),(191,'2019-000010',2,1,2,3,2,2,10,587.82,282.82,2,3),(192,'2019-000010',1,2,3,1,2,2,11,584.17,282.11,2,3),(193,'2019-000010',2,3,3,1,1,2,12,574.17,212.13,2,2),(194,'2019-000010',1,2,3,1,2,2,11,536.17,262.17,2,2),(195,'2019-000010',2,2,3,1,2,2,10,456.17,232.2,2,2),(196,'2019-000010',1,3,3,1,2,2,11,452.17,242.12,1,2),(197,'2019-000010',1,2,1,1,2,2,14,321.17,292.1,2,3),(198,'2019-000011',1,3,4,3,3,2,22,378.24,260.25,1,3),(199,'2019-000011',2,3,3,3,1,2,22,621.65,578.82,1,2),(200,'2019-000011',2,3,3,3,2,2,22,874.87,536.8,2,2),(201,'2019-000011',2,4,2,1,2,1,21,579.17,236.8,2,3),(202,'2019-000011',2,3,1,3,4,2,23,574.87,274.84,4,1),(203,'2019-000011',3,3,2,3,1,2,27,954.87,577.82,2,3),(204,'2019-000011',1,4,4,8,2,4,12,777.69,677.86,3,1),(205,'2019-000011',2,3,3,3,2,2,22,574.87,236.8,2,2),(206,'2019-000011',2,1,2,3,2,2,10,587.82,282.82,2,3),(207,'2019-000011',1,2,3,1,2,2,11,584.17,282.11,2,3),(208,'2019-000011',2,3,3,1,1,2,12,574.17,212.13,2,2),(209,'2019-000011',1,2,3,1,2,2,11,536.17,262.17,2,2),(210,'2019-000011',2,2,3,1,2,2,10,456.17,232.2,2,2),(211,'2019-000011',1,3,3,1,2,2,11,452.17,242.12,1,2),(212,'2019-000011',1,2,1,1,2,2,14,321.17,292.1,2,3),(213,'2019-000011',1,3,4,3,3,2,22,378.24,260.25,1,3),(214,'2019-000011',2,3,3,3,1,2,22,621.65,578.82,1,2),(215,'2019-000011',2,3,3,3,2,2,22,874.87,536.8,2,2),(216,'2019-000011',2,4,2,1,2,1,21,579.17,236.8,2,3),(217,'2019-000011',2,3,1,3,4,2,23,574.87,274.84,4,1),(218,'2019-000011',3,3,2,3,1,2,27,954.87,577.82,2,3),(219,'2019-000011',1,4,4,8,2,4,12,777.69,677.86,3,1),(220,'2019-000011',2,3,3,3,2,2,22,574.87,236.8,2,2),(221,'2019-000011',2,1,2,3,2,2,10,587.82,282.82,2,3),(222,'2019-000011',1,2,3,1,2,2,11,584.17,282.11,2,3),(223,'2019-000011',2,3,3,1,1,2,12,574.17,212.13,2,2),(224,'2019-000011',1,2,3,1,2,2,11,536.17,262.17,2,2),(225,'2019-000011',2,2,3,1,2,2,10,456.17,232.2,2,2),(226,'2019-000011',1,3,3,1,2,2,11,452.17,242.12,1,2),(227,'2019-000011',1,2,1,1,2,2,14,321.17,292.1,2,3),(228,'2019-000012',1,3,4,3,3,2,22,378.24,260.25,1,3),(229,'2019-000012',2,3,3,3,1,2,22,621.65,578.82,1,2),(230,'2019-000012',2,3,3,3,2,2,22,874.87,536.8,2,2),(231,'2019-000012',2,4,2,1,2,1,21,579.17,236.8,2,3),(232,'2019-000012',2,3,1,3,4,2,23,574.87,274.84,4,1),(233,'2019-000012',3,3,2,3,1,2,27,954.87,577.82,2,3),(234,'2019-000012',1,4,4,8,2,4,12,777.69,677.86,3,1),(235,'2019-000012',2,3,3,3,2,2,22,574.87,236.8,2,2),(236,'2019-000012',2,1,2,3,2,2,10,587.82,282.82,2,3),(237,'2019-000012',1,2,3,1,2,2,11,584.17,282.11,2,3),(238,'2019-000012',2,3,3,1,1,2,12,574.17,212.13,2,2),(239,'2019-000012',1,2,3,1,2,2,11,536.17,262.17,2,2),(240,'2019-000012',2,2,3,1,2,2,10,456.17,232.2,2,2),(241,'2019-000012',1,3,3,1,2,2,11,452.17,242.12,1,2),(242,'2019-000012',1,2,1,1,2,2,14,321.17,292.1,2,3),(243,'2019-000012',1,3,4,3,3,2,22,378.24,260.25,1,3),(244,'2019-000012',2,3,3,3,1,2,22,621.65,578.82,1,2),(245,'2019-000012',2,3,3,3,2,2,22,874.87,536.8,2,2),(246,'2019-000012',2,4,2,1,2,1,21,579.17,236.8,2,3),(247,'2019-000012',2,3,1,3,4,2,23,574.87,274.84,4,1),(248,'2019-000012',3,3,2,3,1,2,27,954.87,577.82,2,3),(249,'2019-000012',1,4,4,8,2,4,12,777.69,677.86,3,1),(250,'2019-000012',2,3,3,3,2,2,22,574.87,236.8,2,2),(251,'2019-000012',2,1,2,3,2,2,10,587.82,282.82,2,3),(252,'2019-000012',1,2,3,1,2,2,11,584.17,282.11,2,3),(253,'2019-000012',2,3,3,1,1,2,12,574.17,212.13,2,2),(254,'2019-000012',1,2,3,1,2,2,11,536.17,262.17,2,2),(255,'2019-000012',2,2,3,1,2,2,10,456.17,232.2,2,2),(256,'2019-000012',1,3,3,1,2,2,11,452.17,242.12,1,2),(257,'2019-000012',1,2,1,1,2,2,14,321.17,292.1,2,3),(258,'2019-000013',1,3,4,3,3,2,22,378.24,260.25,1,3),(259,'2019-000013',2,3,3,3,1,2,22,621.65,578.82,1,2),(260,'2019-000013',2,3,3,3,2,2,22,874.87,536.8,2,2),(261,'2019-000013',2,4,2,1,2,1,21,579.17,236.8,2,3),(262,'2019-000013',2,3,1,3,4,2,23,574.87,274.84,4,1),(263,'2019-000013',3,3,2,3,1,2,27,954.87,577.82,2,3),(264,'2019-000013',1,4,4,8,2,4,12,777.69,677.86,3,1),(265,'2019-000013',2,3,3,3,2,2,22,574.87,236.8,2,2),(266,'2019-000013',2,1,2,3,2,2,10,587.82,282.82,2,3),(267,'2019-000013',1,2,3,1,2,2,11,584.17,282.11,2,3),(268,'2019-000013',2,3,3,1,1,2,12,574.17,212.13,2,2),(269,'2019-000013',1,2,3,1,2,2,11,536.17,262.17,2,2),(270,'2019-000013',2,2,3,1,2,2,10,456.17,232.2,2,2),(271,'2019-000013',1,3,3,1,2,2,11,452.17,242.12,1,2),(272,'2019-000013',1,2,1,1,2,2,14,321.17,292.1,2,3),(273,'2019-000013',1,3,4,3,3,2,22,378.24,260.25,1,3),(274,'2019-000013',2,3,3,3,1,2,22,621.65,578.82,1,2),(275,'2019-000013',2,3,3,3,2,2,22,874.87,536.8,2,2),(276,'2019-000013',2,4,2,1,2,1,21,579.17,236.8,2,3),(277,'2019-000013',2,3,1,3,4,2,23,574.87,274.84,4,1),(278,'2019-000013',3,3,2,3,1,2,27,954.87,577.82,2,3),(279,'2019-000013',1,4,4,8,2,4,12,777.69,677.86,3,1),(280,'2019-000013',2,3,3,3,2,2,22,574.87,236.8,2,2),(281,'2019-000013',2,1,2,3,2,2,10,587.82,282.82,2,3),(282,'2019-000013',1,2,3,1,2,2,11,584.17,282.11,2,3),(283,'2019-000013',2,3,3,1,1,2,12,574.17,212.13,2,2),(284,'2019-000013',1,2,3,1,2,2,11,536.17,262.17,2,2),(285,'2019-000013',2,2,3,1,2,2,10,456.17,232.2,2,2),(286,'2019-000013',1,3,3,1,2,2,11,452.17,242.12,1,2),(287,'2019-000013',1,2,1,1,2,2,14,321.17,292.1,2,3),(288,'2019-000014',1,3,4,3,3,2,22,378.24,260.25,1,3),(289,'2019-000014',2,3,3,3,1,2,22,621.65,578.82,1,2),(290,'2019-000014',2,3,3,3,2,2,22,874.87,536.8,2,2),(291,'2019-000014',2,4,2,1,2,1,21,579.17,236.8,2,3),(292,'2019-000014',2,3,1,3,4,2,23,574.87,274.84,4,1),(293,'2019-000014',3,3,2,3,1,2,27,954.87,577.82,2,3),(294,'2019-000014',1,4,4,8,2,4,12,777.69,677.86,3,1),(295,'2019-000014',2,3,3,3,2,2,22,574.87,236.8,2,2),(296,'2019-000014',2,1,2,3,2,2,10,587.82,282.82,2,3),(297,'2019-000014',1,2,3,1,2,2,11,584.17,282.11,2,3),(298,'2019-000014',2,3,3,1,1,2,12,574.17,212.13,2,2),(299,'2019-000014',1,2,3,1,2,2,11,536.17,262.17,2,2),(300,'2019-000014',2,2,3,1,2,2,10,456.17,232.2,2,2),(301,'2019-000014',1,3,3,1,2,2,11,452.17,242.12,1,2),(302,'2019-000014',1,2,1,1,2,2,14,321.17,292.1,2,3),(303,'2019-000014',1,3,4,3,3,2,22,378.24,260.25,1,3),(304,'2019-000014',2,3,3,3,1,2,22,621.65,578.82,1,2),(305,'2019-000014',2,3,3,3,2,2,22,874.87,536.8,2,2),(306,'2019-000014',2,4,2,1,2,1,21,579.17,236.8,2,3),(307,'2019-000014',2,3,1,3,4,2,23,574.87,274.84,4,1),(308,'2019-000014',3,3,2,3,1,2,27,954.87,577.82,2,3),(309,'2019-000014',1,4,4,8,2,4,12,777.69,677.86,3,1),(310,'2019-000014',2,3,3,3,2,2,22,574.87,236.8,2,2),(311,'2019-000014',2,1,2,3,2,2,10,587.82,282.82,2,3),(312,'2019-000014',1,2,3,1,2,2,11,584.17,282.11,2,3),(313,'2019-000014',2,3,3,1,1,2,12,574.17,212.13,2,2),(314,'2019-000014',1,2,3,1,2,2,11,536.17,262.17,2,2),(315,'2019-000014',2,2,3,1,2,2,10,456.17,232.2,2,2),(316,'2019-000014',1,3,3,1,2,2,11,452.17,242.12,1,2),(317,'2019-000014',1,2,1,1,2,2,14,321.17,292.1,2,3),(318,'2019-000015',1,3,4,3,3,2,22,378.24,260.25,1,3),(319,'2019-000015',2,3,3,3,1,2,22,621.65,578.82,1,2),(320,'2019-000015',2,3,3,3,2,2,22,874.87,536.8,2,2),(321,'2019-000015',2,4,2,1,2,1,21,579.17,236.8,2,3),(322,'2019-000015',2,3,1,3,4,2,23,574.87,274.84,4,1),(323,'2019-000015',3,3,2,3,1,2,27,954.87,577.82,2,3),(324,'2019-000015',1,4,4,8,2,4,12,777.69,677.86,3,1),(325,'2019-000015',2,3,3,3,2,2,22,574.87,236.8,2,2),(326,'2019-000015',2,1,2,3,2,2,10,587.82,282.82,2,3),(327,'2019-000015',1,2,3,1,2,2,11,584.17,282.11,2,3),(328,'2019-000015',2,3,3,1,1,2,12,574.17,212.13,2,2),(329,'2019-000015',1,2,3,1,2,2,11,536.17,262.17,2,2),(330,'2019-000015',2,2,3,1,2,2,10,456.17,232.2,2,2),(331,'2019-000015',1,3,3,1,2,2,11,452.17,242.12,1,2),(332,'2019-000015',1,2,1,1,2,2,14,321.17,292.1,2,3),(333,'2019-000015',1,3,4,3,3,2,22,378.24,260.25,1,3),(334,'2019-000015',2,3,3,3,1,2,22,621.65,578.82,1,2),(335,'2019-000015',2,3,3,3,2,2,22,874.87,536.8,2,2),(336,'2019-000015',2,4,2,1,2,1,21,579.17,236.8,2,3),(337,'2019-000015',2,3,1,3,4,2,23,574.87,274.84,4,1),(338,'2019-000015',3,3,2,3,1,2,27,954.87,577.82,2,3),(339,'2019-000015',1,4,4,8,2,4,12,777.69,677.86,3,1),(340,'2019-000015',2,3,3,3,2,2,22,574.87,236.8,2,2),(341,'2019-000015',2,1,2,3,2,2,10,587.82,282.82,2,3),(342,'2019-000015',1,2,3,1,2,2,11,584.17,282.11,2,3),(343,'2019-000015',2,3,3,1,1,2,12,574.17,212.13,2,2),(344,'2019-000015',1,2,3,1,2,2,11,536.17,262.17,2,2),(345,'2019-000015',2,2,3,1,2,2,10,456.17,232.2,2,2),(346,'2019-000015',1,3,3,1,2,2,11,452.17,242.12,1,2),(347,'2019-000015',1,2,1,1,2,2,14,321.17,292.1,2,3),(348,'2019-000016',1,3,4,3,3,2,22,378.24,260.25,1,3),(349,'2019-000016',2,3,3,3,1,2,22,621.65,578.82,1,2),(350,'2019-000016',2,3,3,3,2,2,22,874.87,536.8,2,2),(351,'2019-000016',2,4,2,1,2,1,21,579.17,236.8,2,3),(352,'2019-000016',2,3,1,3,4,2,23,574.87,274.84,4,1),(353,'2019-000016',3,3,2,3,1,2,27,954.87,577.82,2,3),(354,'2019-000016',1,4,4,8,2,4,12,777.69,677.86,3,1),(355,'2019-000016',2,3,3,3,2,2,22,574.87,236.8,2,2),(356,'2019-000016',2,1,2,3,2,2,10,587.82,282.82,2,3),(357,'2019-000016',1,2,3,1,2,2,11,584.17,282.11,2,3),(358,'2019-000016',2,3,3,1,1,2,12,574.17,212.13,2,2),(359,'2019-000016',1,2,3,1,2,2,11,536.17,262.17,2,2),(360,'2019-000016',2,2,3,1,2,2,10,456.17,232.2,2,2),(361,'2019-000016',1,3,3,1,2,2,11,452.17,242.12,1,2),(362,'2019-000016',1,2,1,1,2,2,14,321.17,292.1,2,3),(363,'2019-000016',1,3,4,3,3,2,22,378.24,260.25,1,3),(364,'2019-000016',2,3,3,3,1,2,22,621.65,578.82,1,2),(365,'2019-000016',2,3,3,3,2,2,22,874.87,536.8,2,2),(366,'2019-000016',2,4,2,1,2,1,21,579.17,236.8,2,3),(367,'2019-000016',2,3,1,3,4,2,23,574.87,274.84,4,1),(368,'2019-000016',3,3,2,3,1,2,27,954.87,577.82,2,3),(369,'2019-000016',1,4,4,8,2,4,12,777.69,677.86,3,1),(370,'2019-000016',2,3,3,3,2,2,22,574.87,236.8,2,2),(371,'2019-000016',2,1,2,3,2,2,10,587.82,282.82,2,3),(372,'2019-000016',1,2,3,1,2,2,11,584.17,282.11,2,3),(373,'2019-000016',2,3,3,1,1,2,12,574.17,212.13,2,2),(374,'2019-000016',1,2,3,1,2,2,11,536.17,262.17,2,2),(375,'2019-000016',2,2,3,1,2,2,10,456.17,232.2,2,2),(376,'2019-000016',1,3,3,1,2,2,11,452.17,242.12,1,2),(377,'2019-000016',1,2,1,1,2,2,14,321.17,292.1,2,3),(378,'2019-000017',1,3,4,3,3,2,22,378.24,260.25,1,3),(379,'2019-000017',2,3,3,3,1,2,22,621.65,578.82,1,2),(380,'2019-000017',2,3,3,3,2,2,22,874.87,536.8,2,2),(381,'2019-000017',2,4,2,1,2,1,21,579.17,236.8,2,3),(382,'2019-000017',2,3,1,3,4,2,23,574.87,274.84,4,1),(383,'2019-000017',3,3,2,3,1,2,27,954.87,577.82,2,3),(384,'2019-000017',1,4,4,8,2,4,12,777.69,677.86,3,1),(385,'2019-000017',2,3,3,3,2,2,22,574.87,236.8,2,2),(386,'2019-000017',2,1,2,3,2,2,10,587.82,282.82,2,3),(387,'2019-000017',1,2,3,1,2,2,11,584.17,282.11,2,3),(388,'2019-000017',2,3,3,1,1,2,12,574.17,212.13,2,2),(389,'2019-000017',1,2,3,1,2,2,11,536.17,262.17,2,2),(390,'2019-000017',2,2,3,1,2,2,10,456.17,232.2,2,2),(391,'2019-000017',1,3,3,1,2,2,11,452.17,242.12,1,2),(392,'2019-000017',1,2,1,1,2,2,14,321.17,292.1,2,3),(393,'2019-000017',1,3,4,3,3,2,22,378.24,260.25,1,3),(394,'2019-000017',2,3,3,3,1,2,22,621.65,578.82,1,2),(395,'2019-000017',2,3,3,3,2,2,22,874.87,536.8,2,2),(396,'2019-000017',2,4,2,1,2,1,21,579.17,236.8,2,3),(397,'2019-000017',2,3,1,3,4,2,23,574.87,274.84,4,1),(398,'2019-000017',3,3,2,3,1,2,27,954.87,577.82,2,3),(399,'2019-000017',1,4,4,8,2,4,12,777.69,677.86,3,1),(400,'2019-000017',2,3,3,3,2,2,22,574.87,236.8,2,2),(401,'2019-000017',2,1,2,3,2,2,10,587.82,282.82,2,3),(402,'2019-000017',1,2,3,1,2,2,11,584.17,282.11,2,3),(403,'2019-000017',2,3,3,1,1,2,12,574.17,212.13,2,2),(404,'2019-000017',1,2,3,1,2,2,11,536.17,262.17,2,2),(405,'2019-000017',2,2,3,1,2,2,10,456.17,232.2,2,2),(406,'2019-000017',1,3,3,1,2,2,11,452.17,242.12,1,2),(407,'2019-000017',1,2,1,1,2,2,14,321.17,292.1,2,3),(408,'2019-000018',1,3,4,3,3,2,22,378.24,260.25,1,3),(409,'2019-000018',2,3,3,3,1,2,22,621.65,578.82,1,2),(410,'2019-000018',2,3,3,3,2,2,22,874.87,536.8,2,2),(411,'2019-000018',2,4,2,1,2,1,21,579.17,236.8,2,3),(412,'2019-000018',2,3,1,3,4,2,23,574.87,274.84,4,1),(413,'2019-000018',3,3,2,3,1,2,27,954.87,577.82,2,3),(414,'2019-000018',1,4,4,8,2,4,12,777.69,677.86,3,1),(415,'2019-000018',2,3,3,3,2,2,22,574.87,236.8,2,2),(416,'2019-000018',2,1,2,3,2,2,10,587.82,282.82,2,3),(417,'2019-000018',1,2,3,1,2,2,11,584.17,282.11,2,3),(418,'2019-000018',2,3,3,1,1,2,12,574.17,212.13,2,2),(419,'2019-000018',1,2,3,1,2,2,11,536.17,262.17,2,2),(420,'2019-000018',2,2,3,1,2,2,10,456.17,232.2,2,2),(421,'2019-000018',1,3,3,1,2,2,11,452.17,242.12,1,2),(422,'2019-000018',1,2,1,1,2,2,14,321.17,292.1,2,3),(423,'2019-000018',1,3,4,3,3,2,22,378.24,260.25,1,3),(424,'2019-000018',2,3,3,3,1,2,22,621.65,578.82,1,2),(425,'2019-000018',2,3,3,3,2,2,22,874.87,536.8,2,2),(426,'2019-000018',2,4,2,1,2,1,21,579.17,236.8,2,3),(427,'2019-000018',2,3,1,3,4,2,23,574.87,274.84,4,1),(428,'2019-000018',3,3,2,3,1,2,27,954.87,577.82,2,3),(429,'2019-000018',1,4,4,8,2,4,12,777.69,677.86,3,1),(430,'2019-000018',2,3,3,3,2,2,22,574.87,236.8,2,2),(431,'2019-000018',2,1,2,3,2,2,10,587.82,282.82,2,3),(432,'2019-000018',1,2,3,1,2,2,11,584.17,282.11,2,3),(433,'2019-000018',2,3,3,1,1,2,12,574.17,212.13,2,2),(434,'2019-000018',1,2,3,1,2,2,11,536.17,262.17,2,2),(435,'2019-000018',2,2,3,1,2,2,10,456.17,232.2,2,2),(436,'2019-000018',1,3,3,1,2,2,11,452.17,242.12,1,2),(437,'2019-000018',1,2,1,1,2,2,14,321.17,292.1,2,3),(438,'2019-000019',1,3,4,3,3,2,22,378.24,260.25,1,3),(439,'2019-000019',2,3,3,3,1,2,22,621.65,578.82,1,2),(440,'2019-000019',2,3,3,3,2,2,22,874.87,536.8,2,2),(441,'2019-000019',2,4,2,1,2,1,21,579.17,236.8,2,3),(442,'2019-000019',2,3,1,3,4,2,23,574.87,274.84,4,1),(443,'2019-000019',3,3,2,3,1,2,27,954.87,577.82,2,3),(444,'2019-000019',1,4,4,8,2,4,12,777.69,677.86,3,1),(445,'2019-000019',2,3,3,3,2,2,22,574.87,236.8,2,2),(446,'2019-000019',2,1,2,3,2,2,10,587.82,282.82,2,3),(447,'2019-000019',1,2,3,1,2,2,11,584.17,282.11,2,3),(448,'2019-000019',2,3,3,1,1,2,12,574.17,212.13,2,2),(449,'2019-000019',1,2,3,1,2,2,11,536.17,262.17,2,2),(450,'2019-000019',2,2,3,1,2,2,10,456.17,232.2,2,2),(451,'2019-000019',1,3,3,1,2,2,11,452.17,242.12,1,2),(452,'2019-000019',1,2,1,1,2,2,14,321.17,292.1,2,3),(453,'2019-000019',1,3,4,3,3,2,22,378.24,260.25,1,3),(454,'2019-000019',2,3,3,3,1,2,22,621.65,578.82,1,2),(455,'2019-000019',2,3,3,3,2,2,22,874.87,536.8,2,2),(456,'2019-000019',2,4,2,1,2,1,21,579.17,236.8,2,3),(457,'2019-000019',2,3,1,3,4,2,23,574.87,274.84,4,1),(458,'2019-000019',3,3,2,3,1,2,27,954.87,577.82,2,3),(459,'2019-000019',1,4,4,8,2,4,12,777.69,677.86,3,1),(460,'2019-000019',2,3,3,3,2,2,22,574.87,236.8,2,2),(461,'2019-000019',2,1,2,3,2,2,10,587.82,282.82,2,3),(462,'2019-000019',1,2,3,1,2,2,11,584.17,282.11,2,3),(463,'2019-000019',2,3,3,1,1,2,12,574.17,212.13,2,2),(464,'2019-000019',1,2,3,1,2,2,11,536.17,262.17,2,2),(465,'2019-000019',2,2,3,1,2,2,10,456.17,232.2,2,2),(466,'2019-000019',1,3,3,1,2,2,11,452.17,242.12,1,2),(467,'2019-000019',1,2,1,1,2,2,14,321.17,292.1,2,3),(468,'2019-000020',1,3,4,3,3,2,22,378.24,260.25,1,3),(469,'2019-000020',2,3,3,3,1,2,22,621.65,578.82,1,2),(470,'2019-000020',2,3,3,3,2,2,22,874.87,536.8,2,2),(471,'2019-000020',2,4,2,1,2,1,21,579.17,236.8,2,3),(472,'2019-000020',2,3,1,3,4,2,23,574.87,274.84,4,1),(473,'2019-000020',3,3,2,3,1,2,27,954.87,577.82,2,3),(474,'2019-000020',1,4,4,8,2,4,12,777.69,677.86,3,1),(475,'2019-000020',2,3,3,3,2,2,22,574.87,236.8,2,2),(476,'2019-000020',2,1,2,3,2,2,10,587.82,282.82,2,3),(477,'2019-000020',1,2,3,1,2,2,11,584.17,282.11,2,3),(478,'2019-000020',2,3,3,1,1,2,12,574.17,212.13,2,2),(479,'2019-000020',1,2,3,1,2,2,11,536.17,262.17,2,2),(480,'2019-000020',2,2,3,1,2,2,10,456.17,232.2,2,2),(481,'2019-000020',1,3,3,1,2,2,11,452.17,242.12,1,2),(482,'2019-000020',1,2,1,1,2,2,14,321.17,292.1,2,3),(483,'2019-000020',1,3,4,3,3,2,22,378.24,260.25,1,3),(484,'2019-000020',2,3,3,3,1,2,22,621.65,578.82,1,2),(485,'2019-000020',2,3,3,3,2,2,22,874.87,536.8,2,2),(486,'2019-000020',2,4,2,1,2,1,21,579.17,236.8,2,3),(487,'2019-000020',2,3,1,3,4,2,23,574.87,274.84,4,1),(488,'2019-000020',3,3,2,3,1,2,27,954.87,577.82,2,3),(489,'2019-000020',1,4,4,8,2,4,12,777.69,677.86,3,1),(490,'2019-000020',2,3,3,3,2,2,22,574.87,236.8,2,2),(491,'2019-000020',2,1,2,3,2,2,10,587.82,282.82,2,3),(492,'2019-000020',1,2,3,1,2,2,11,584.17,282.11,2,3),(493,'2019-000020',2,3,3,1,1,2,12,574.17,212.13,2,2),(494,'2019-000020',1,2,3,1,2,2,11,536.17,262.17,2,2),(495,'2019-000020',2,2,3,1,2,2,10,456.17,232.2,2,2),(496,'2019-000020',1,3,3,1,2,2,11,452.17,242.12,1,2),(497,'2019-000020',1,2,1,1,2,2,14,321.17,292.1,2,3),(498,'2019-000020',1,3,4,3,3,2,22,378.24,260.25,1,3),(499,'2019-000020',2,3,3,3,1,2,22,621.65,578.82,1,2),(500,'2019-000020',2,3,3,3,2,2,22,874.87,536.8,2,2),(501,'2019-000020',2,4,2,1,2,1,21,579.17,236.8,2,3),(502,'2019-000020',2,3,1,3,4,2,23,574.87,274.84,4,1),(503,'2019-000020',3,3,2,3,1,2,27,954.87,577.82,2,3),(504,'2019-000020',1,4,4,8,2,4,12,777.69,677.86,3,1),(505,'2019-000020',2,3,3,3,2,2,22,574.87,236.8,2,2),(506,'2019-000020',2,1,2,3,2,2,10,587.82,282.82,2,3),(507,'2019-000020',1,2,3,1,2,2,11,584.17,282.11,2,3),(508,'2019-000020',2,3,3,1,1,2,12,574.17,212.13,2,2),(509,'2019-000020',1,2,3,1,2,2,11,536.17,262.17,2,2),(510,'2019-000020',2,2,3,1,2,2,10,456.17,232.2,2,2),(511,'2019-000020',1,3,3,1,2,2,11,452.17,242.12,1,2),(512,'2019-000020',1,2,1,1,2,2,14,321.17,292.1,2,3);
/*!40000 ALTER TABLE `facturacion` ENABLE KEYS */;
UNLOCK TABLES;

--
-- Table structure for table `marca`
--

DROP TABLE IF EXISTS `marca`;
/*!40101 SET @saved_cs_client     = @@character_set_client */;
/*!50503 SET character_set_client = utf8mb4 */;
CREATE TABLE `marca` (
  `ID_MARCA` int(11) NOT NULL AUTO_INCREMENT,
  `MARCA` varchar(100) NOT NULL,
  PRIMARY KEY (`ID_MARCA`)
) ENGINE=InnoDB AUTO_INCREMENT=5 DEFAULT CHARSET=utf8mb4 COLLATE=utf8mb4_general_ci;
/*!40101 SET character_set_client = @saved_cs_client */;

--
-- Dumping data for table `marca`
--

LOCK TABLES `marca` WRITE;
/*!40000 ALTER TABLE `marca` DISABLE KEYS */;
INSERT INTO `marca` VALUES (1,'santa cruz'),(2,'creature'),(3,'flip'),(4,'almost');
/*!40000 ALTER TABLE `marca` ENABLE KEYS */;
UNLOCK TABLES;

--
-- Table structure for table `material`
--

DROP TABLE IF EXISTS `material`;
/*!40101 SET @saved_cs_client     = @@character_set_client */;
/*!50503 SET character_set_client = utf8mb4 */;
CREATE TABLE `material` (
  `ID_MATERIAL` int(11) NOT NULL AUTO_INCREMENT,
  `MATERIAL` varchar(100) NOT NULL,
  PRIMARY KEY (`ID_MATERIAL`)
) ENGINE=InnoDB AUTO_INCREMENT=5 DEFAULT CHARSET=utf8mb4 COLLATE=utf8mb4_general_ci;
/*!40101 SET character_set_client = @saved_cs_client */;

--
-- Dumping data for table `material`
--

LOCK TABLES `material` WRITE;
/*!40000 ALTER TABLE `material` DISABLE KEYS */;
INSERT INTO `material` VALUES (1,'guatambu'),(2,'maple'),(3,'maple canadiense'),(4,'fibra de carbono');
/*!40000 ALTER TABLE `material` ENABLE KEYS */;
UNLOCK TABLES;

--
-- Table structure for table `pais`
--

DROP TABLE IF EXISTS `pais`;
/*!40101 SET @saved_cs_client     = @@character_set_client */;
/*!50503 SET character_set_client = utf8mb4 */;
CREATE TABLE `pais` (
  `ID_PAIS` int(11) NOT NULL AUTO_INCREMENT,
  `PAIS` varchar(100) NOT NULL,
  PRIMARY KEY (`ID_PAIS`)
) ENGINE=InnoDB AUTO_INCREMENT=6 DEFAULT CHARSET=utf8mb4 COLLATE=utf8mb4_general_ci;
/*!40101 SET character_set_client = @saved_cs_client */;

--
-- Dumping data for table `pais`
--

LOCK TABLES `pais` WRITE;
/*!40000 ALTER TABLE `pais` DISABLE KEYS */;
INSERT INTO `pais` VALUES (1,'españa'),(2,'portugal'),(3,'italia'),(4,'francia'),(5,'alemania');
/*!40000 ALTER TABLE `pais` ENABLE KEYS */;
UNLOCK TABLES;

--
-- Table structure for table `talla`
--

DROP TABLE IF EXISTS `talla`;
/*!40101 SET @saved_cs_client     = @@character_set_client */;
/*!50503 SET character_set_client = utf8mb4 */;
CREATE TABLE `talla` (
  `ID_TALLA` int(11) NOT NULL AUTO_INCREMENT,
  `TALLA` varchar(50) NOT NULL,
  PRIMARY KEY (`ID_TALLA`)
) ENGINE=InnoDB AUTO_INCREMENT=5 DEFAULT CHARSET=utf8mb4 COLLATE=utf8mb4_general_ci;
/*!40101 SET character_set_client = @saved_cs_client */;

--
-- Dumping data for table `talla`
--

LOCK TABLES `talla` WRITE;
/*!40000 ALTER TABLE `talla` DISABLE KEYS */;
INSERT INTO `talla` VALUES (1,'8'),(2,'8.25'),(3,'8.5'),(4,'8.60');
/*!40000 ALTER TABLE `talla` ENABLE KEYS */;
UNLOCK TABLES;

--
-- Table structure for table `tecnologia`
--

DROP TABLE IF EXISTS `tecnologia`;
/*!40101 SET @saved_cs_client     = @@character_set_client */;
/*!50503 SET character_set_client = utf8mb4 */;
CREATE TABLE `tecnologia` (
  `ID_TECNOLOGIA` int(11) NOT NULL AUTO_INCREMENT,
  `TECNOLOGIA` varchar(50) NOT NULL,
  PRIMARY KEY (`ID_TECNOLOGIA`)
) ENGINE=InnoDB AUTO_INCREMENT=5 DEFAULT CHARSET=utf8mb4 COLLATE=utf8mb4_general_ci;
/*!40101 SET character_set_client = @saved_cs_client */;

--
-- Dumping data for table `tecnologia`
--

LOCK TABLES `tecnologia` WRITE;
/*!40000 ALTER TABLE `tecnologia` DISABLE KEYS */;
INSERT INTO `tecnologia` VALUES (1,'7ply'),(2,'power ply'),(3,'vx'),(4,'everslick');
/*!40000 ALTER TABLE `tecnologia` ENABLE KEYS */;
UNLOCK TABLES;

--
-- Table structure for table `tipo_cliente`
--

DROP TABLE IF EXISTS `tipo_cliente`;
/*!40101 SET @saved_cs_client     = @@character_set_client */;
/*!50503 SET character_set_client = utf8mb4 */;
CREATE TABLE `tipo_cliente` (
  `ID_TIPO` int(11) NOT NULL AUTO_INCREMENT,
  `TIPO` varchar(100) NOT NULL,
  PRIMARY KEY (`ID_TIPO`)
) ENGINE=InnoDB AUTO_INCREMENT=4 DEFAULT CHARSET=utf8mb4 COLLATE=utf8mb4_general_ci;
/*!40101 SET character_set_client = @saved_cs_client */;

--
-- Dumping data for table `tipo_cliente`
--

LOCK TABLES `tipo_cliente` WRITE;
/*!40000 ALTER TABLE `tipo_cliente` DISABLE KEYS */;
INSERT INTO `tipo_cliente` VALUES (1,'franquicia'),(2,'skateshop grnade'),(3,'skateshop pequeño');
/*!40000 ALTER TABLE `tipo_cliente` ENABLE KEYS */;
UNLOCK TABLES;
/*!50003 SET @saved_cs_client      = @@character_set_client */ ;
/*!50003 SET @saved_cs_results     = @@character_set_results */ ;
/*!50003 SET @saved_col_connection = @@collation_connection */ ;
/*!50003 SET character_set_client  = utf8mb4 */ ;
/*!50003 SET character_set_results = utf8mb4 */ ;
/*!50003 SET collation_connection  = utf8mb4_unicode_ci */ ;
/*!50003 SET @saved_sql_mode       = @@sql_mode */ ;
/*!50003 SET sql_mode              = 'IGNORE_SPACE,NO_ZERO_IN_DATE,NO_ZERO_DATE,NO_ENGINE_SUBSTITUTION' */ ;
DELIMITER ;;
/*!50003 CREATE*/ /*!50017 DEFINER=`root`@`localhost`*/ /*!50003 TRIGGER CREATE_TIPO_CLIENTE AFTER 
INSERT ON TIPO_CLIENTE FOR EACH ROW
BEGIN INSERT INTO ACCIONES_TIPO_CLIENTE (ACCION) VALUES (CONCAT("SE CREO UN REGISTRO EN TIPO DE CLIENTE CON EL NOMBRE: ", NEW.TIPO, "y su ID es:", NEW.ID_TIPO));
END */;;
DELIMITER ;
/*!50003 SET sql_mode              = @saved_sql_mode */ ;
/*!50003 SET character_set_client  = @saved_cs_client */ ;
/*!50003 SET character_set_results = @saved_cs_results */ ;
/*!50003 SET collation_connection  = @saved_col_connection */ ;

--
-- Table structure for table `tipo_pago`
--

DROP TABLE IF EXISTS `tipo_pago`;
/*!40101 SET @saved_cs_client     = @@character_set_client */;
/*!50503 SET character_set_client = utf8mb4 */;
CREATE TABLE `tipo_pago` (
  `ID_PAGO` int(11) NOT NULL AUTO_INCREMENT,
  `TIPO_PAGO` varchar(50) DEFAULT NULL,
  PRIMARY KEY (`ID_PAGO`)
) ENGINE=InnoDB AUTO_INCREMENT=5 DEFAULT CHARSET=utf8mb4 COLLATE=utf8mb4_general_ci;
/*!40101 SET character_set_client = @saved_cs_client */;

--
-- Dumping data for table `tipo_pago`
--

LOCK TABLES `tipo_pago` WRITE;
/*!40000 ALTER TABLE `tipo_pago` DISABLE KEYS */;
INSERT INTO `tipo_pago` VALUES (1,'efectivo'),(2,'credito'),(3,'transferencia'),(4,'cheque');
/*!40000 ALTER TABLE `tipo_pago` ENABLE KEYS */;
UNLOCK TABLES;
/*!50003 SET @saved_cs_client      = @@character_set_client */ ;
/*!50003 SET @saved_cs_results     = @@character_set_results */ ;
/*!50003 SET @saved_col_connection = @@collation_connection */ ;
/*!50003 SET character_set_client  = utf8mb4 */ ;
/*!50003 SET character_set_results = utf8mb4 */ ;
/*!50003 SET collation_connection  = utf8mb4_unicode_ci */ ;
/*!50003 SET @saved_sql_mode       = @@sql_mode */ ;
/*!50003 SET sql_mode              = 'IGNORE_SPACE,NO_ZERO_IN_DATE,NO_ZERO_DATE,NO_ENGINE_SUBSTITUTION' */ ;
DELIMITER ;;
/*!50003 CREATE*/ /*!50017 DEFINER=`root`@`localhost`*/ /*!50003 TRIGGER IF NOT EXISTS CREATE_TIPO_PAGO AFTER
INSERT ON TIPO_PAGO FOR EACH ROW
BEGIN
INSERT INTO ACCIONES_TIPO_PAGO (ACCION) VALUES (CONCAT("SE CREO UN REGISTRO EN TIPO DE PAGO CON EL NOMBRE:", NEW.TIPO_PAGO, "y su ID es:", NEW.ID_PAGO));
END */;;
DELIMITER ;
/*!50003 SET sql_mode              = @saved_sql_mode */ ;
/*!50003 SET character_set_client  = @saved_cs_client */ ;
/*!50003 SET character_set_results = @saved_cs_results */ ;
/*!50003 SET collation_connection  = @saved_col_connection */ ;

--
-- Final view structure for view `articulo_mas_vendido`
--

/*!50001 DROP VIEW IF EXISTS `articulo_mas_vendido`*/;
/*!50001 SET @saved_cs_client          = @@character_set_client */;
/*!50001 SET @saved_cs_results         = @@character_set_results */;
/*!50001 SET @saved_col_connection     = @@collation_connection */;
/*!50001 SET character_set_client      = utf8mb4 */;
/*!50001 SET character_set_results     = utf8mb4 */;
/*!50001 SET collation_connection      = utf8mb4_unicode_ci */;
/*!50001 CREATE ALGORITHM=UNDEFINED */
/*!50013 DEFINER=`root`@`localhost` SQL SECURITY DEFINER */
/*!50001 VIEW `articulo_mas_vendido` AS select `ar`.`DESCRIPCION` AS `DESCRIPCION`,`fact`.`CANTIDAD` AS `CANTIDAD` from (`facturacion` `fact` left join `articulo` `ar` on(`ar`.`ID_ARTICULO` = `fact`.`ID_ARTICULO`)) group by `fact`.`ID_ARTICULO` order by `fact`.`CANTIDAD` desc */;
/*!50001 SET character_set_client      = @saved_cs_client */;
/*!50001 SET character_set_results     = @saved_cs_results */;
/*!50001 SET collation_connection      = @saved_col_connection */;

--
-- Final view structure for view `articulo_menos_vendido`
--

/*!50001 DROP VIEW IF EXISTS `articulo_menos_vendido`*/;
/*!50001 SET @saved_cs_client          = @@character_set_client */;
/*!50001 SET @saved_cs_results         = @@character_set_results */;
/*!50001 SET @saved_col_connection     = @@collation_connection */;
/*!50001 SET character_set_client      = utf8mb4 */;
/*!50001 SET character_set_results     = utf8mb4 */;
/*!50001 SET collation_connection      = utf8mb4_unicode_ci */;
/*!50001 CREATE ALGORITHM=UNDEFINED */
/*!50013 DEFINER=`root`@`localhost` SQL SECURITY DEFINER */
/*!50001 VIEW `articulo_menos_vendido` AS select `ar`.`DESCRIPCION` AS `DESCRIPCION`,`fact`.`CANTIDAD` AS `CANTIDAD` from (`facturacion` `fact` left join `articulo` `ar` on(`ar`.`ID_ARTICULO` = `fact`.`ID_ARTICULO`)) group by `fact`.`ID_ARTICULO` order by `fact`.`CANTIDAD` */;
/*!50001 SET character_set_client      = @saved_cs_client */;
/*!50001 SET character_set_results     = @saved_cs_results */;
/*!50001 SET collation_connection      = @saved_col_connection */;

--
-- Final view structure for view `ciudad_mas_compras`
--

/*!50001 DROP VIEW IF EXISTS `ciudad_mas_compras`*/;
/*!50001 SET @saved_cs_client          = @@character_set_client */;
/*!50001 SET @saved_cs_results         = @@character_set_results */;
/*!50001 SET @saved_col_connection     = @@collation_connection */;
/*!50001 SET character_set_client      = utf8mb4 */;
/*!50001 SET character_set_results     = utf8mb4 */;
/*!50001 SET collation_connection      = utf8mb4_unicode_ci */;
/*!50001 CREATE ALGORITHM=UNDEFINED */
/*!50013 DEFINER=`root`@`localhost` SQL SECURITY DEFINER */
/*!50001 VIEW `ciudad_mas_compras` AS select `ci`.`CIUDAD` AS `CIUDAD`,`fact`.`CANTIDAD` AS `CANTIDAD` from (`facturacion` `fact` left join `ciudad` `ci` on(`ci`.`ID_CIUDAD` = `fact`.`ID_CIUDAD`)) group by `fact`.`ID_CIUDAD` order by `fact`.`CANTIDAD` desc */;
/*!50001 SET character_set_client      = @saved_cs_client */;
/*!50001 SET character_set_results     = @saved_cs_results */;
/*!50001 SET collation_connection      = @saved_col_connection */;

--
-- Final view structure for view `ciudad_menos_compras`
--

/*!50001 DROP VIEW IF EXISTS `ciudad_menos_compras`*/;
/*!50001 SET @saved_cs_client          = @@character_set_client */;
/*!50001 SET @saved_cs_results         = @@character_set_results */;
/*!50001 SET @saved_col_connection     = @@collation_connection */;
/*!50001 SET character_set_client      = utf8mb4 */;
/*!50001 SET character_set_results     = utf8mb4 */;
/*!50001 SET collation_connection      = utf8mb4_unicode_ci */;
/*!50001 CREATE ALGORITHM=UNDEFINED */
/*!50013 DEFINER=`root`@`localhost` SQL SECURITY DEFINER */
/*!50001 VIEW `ciudad_menos_compras` AS select `ci`.`CIUDAD` AS `CIUDAD`,`fact`.`CANTIDAD` AS `CANTIDAD` from (`facturacion` `fact` left join `ciudad` `ci` on(`ci`.`ID_CIUDAD` = `fact`.`ID_CIUDAD`)) group by `fact`.`ID_CIUDAD` order by `fact`.`CANTIDAD` */;
/*!50001 SET character_set_client      = @saved_cs_client */;
/*!50001 SET character_set_results     = @saved_cs_results */;
/*!50001 SET collation_connection      = @saved_col_connection */;

--
-- Final view structure for view `cliente_mas_compras`
--

/*!50001 DROP VIEW IF EXISTS `cliente_mas_compras`*/;
/*!50001 SET @saved_cs_client          = @@character_set_client */;
/*!50001 SET @saved_cs_results         = @@character_set_results */;
/*!50001 SET @saved_col_connection     = @@collation_connection */;
/*!50001 SET character_set_client      = utf8mb4 */;
/*!50001 SET character_set_results     = utf8mb4 */;
/*!50001 SET collation_connection      = utf8mb4_unicode_ci */;
/*!50001 CREATE ALGORITHM=UNDEFINED */
/*!50013 DEFINER=`root`@`localhost` SQL SECURITY DEFINER */
/*!50001 VIEW `cliente_mas_compras` AS select `cli`.`NOMBRE_CLIENTE` AS `NOMBRE_CLIENTE`,`fact`.`CANTIDAD` AS `CANTIDAD` from (`facturacion` `fact` left join `cliente` `cli` on(`cli`.`ID_CLIENTE` = `fact`.`ID_CLIENTE`)) group by `fact`.`ID_CLIENTE` order by `fact`.`CANTIDAD` desc */;
/*!50001 SET character_set_client      = @saved_cs_client */;
/*!50001 SET character_set_results     = @saved_cs_results */;
/*!50001 SET collation_connection      = @saved_col_connection */;

--
-- Final view structure for view `cliente_menos_compras`
--

/*!50001 DROP VIEW IF EXISTS `cliente_menos_compras`*/;
/*!50001 SET @saved_cs_client          = @@character_set_client */;
/*!50001 SET @saved_cs_results         = @@character_set_results */;
/*!50001 SET @saved_col_connection     = @@collation_connection */;
/*!50001 SET character_set_client      = utf8mb4 */;
/*!50001 SET character_set_results     = utf8mb4 */;
/*!50001 SET collation_connection      = utf8mb4_unicode_ci */;
/*!50001 CREATE ALGORITHM=UNDEFINED */
/*!50013 DEFINER=`root`@`localhost` SQL SECURITY DEFINER */
/*!50001 VIEW `cliente_menos_compras` AS select `cli`.`NOMBRE_CLIENTE` AS `NOMBRE_CLIENTE`,`fact`.`CANTIDAD` AS `CANTIDAD` from (`facturacion` `fact` left join `cliente` `cli` on(`cli`.`ID_CLIENTE` = `fact`.`ID_CLIENTE`)) group by `fact`.`ID_CLIENTE` order by `fact`.`CANTIDAD` */;
/*!50001 SET character_set_client      = @saved_cs_client */;
/*!50001 SET character_set_results     = @saved_cs_results */;
/*!50001 SET collation_connection      = @saved_col_connection */;
/*!40103 SET TIME_ZONE=@OLD_TIME_ZONE */;

/*!40101 SET SQL_MODE=@OLD_SQL_MODE */;
/*!40014 SET FOREIGN_KEY_CHECKS=@OLD_FOREIGN_KEY_CHECKS */;
/*!40014 SET UNIQUE_CHECKS=@OLD_UNIQUE_CHECKS */;
/*!40101 SET CHARACTER_SET_CLIENT=@OLD_CHARACTER_SET_CLIENT */;
/*!40101 SET CHARACTER_SET_RESULTS=@OLD_CHARACTER_SET_RESULTS */;
/*!40101 SET COLLATION_CONNECTION=@OLD_COLLATION_CONNECTION */;
/*!40111 SET SQL_NOTES=@OLD_SQL_NOTES */;

-- Dump completed on 2024-05-22 18:46:11
