USE SKATE_SHOP_CODER;

INSERT INTO MATERIAL (ID_MATERIAL, MATERIAL) 
VALUES  (1,'guatambu'),
        (2,'maple'),
        (3,'maple canadiense'),
        (4,'fibra de carbono');

INSERT INTO TECNOLOGIA (ID_TECNOLOGIA, TECNOLOGIA) 
VALUES  (1,'7ply'),
        (2,'power ply'),
        (3,'vx'),
        (4,'everslick');

INSERT INTO TALLA (ID_TALLA, TALLA) 
VALUES  (1,'8'),
        (2,'8.25'),
        (3,'8.5'),
        (4,'8.60'),
        (5,'9');

INSERT INTO MARCA (ID_MARCA, MARCA) 
VALUES  (1,'santa cruz'),
        (2,'creature'),
        (3,'flip'),
        (4,'almost'),
        (5,'alien workshop'),
        (6,'deathwish');

INSERT INTO ENVIO (ID_ENVIO, ENVIO) 
VALUES  (1,'dhl'),
        (2,'fedex'),
        (3,'ups'),
        (4,'schenker'),
        (5,'tnt');

INSERT INTO CIUDAD (ID_CIUDAD, CIUDAD) 
VALUES  (1,'barcelona'),
        (2,'granada'),
        (3,'lisboa'),
        (4,'valencia'),
        (5,'madrid'),
        (6,'marcella'),
        (7,'braga'),
        (8,'oporto'),
        (9,'paris'),
        (10,'sevilla'),
        (11,'toulouse'),
        (12,'florencia'),
        (13,'milan'),
        (14,'roma'),
        (15,'toledo'),
        (16,'berlin'),
        (17,'alicante'),
        (18,'munich'),
        (19,'hamburgo'),
        (20,'napoles'),
        (21,'noremberg');

INSERT INTO PAIS (ID_PAIS, PAIS) 
VALUES  (1,'españa'),
        (2,'portugal'),
        (3,'italia'),
        (4,'francia'),
        (5,'alemania');

INSERT INTO TIPO_CLIENTE (ID_TIPO, TIPO) 
VALUES  (1,'franquicia'),
        (2,'skateshop grande'),
        (3,'skateshop pequeño');

INSERT INTO CATEGORIA_ARTICULO (ID_CAT, CAT_ARTICULO) 
VALUES  (1,'alta'),
        (2,'media'),
        (3,'baja');

INSERT INTO TIPO_PAGO (ID_PAGO, TIPO_PAGO) 
VALUES  (1,'efectivo'),
        (2,'credito'),
        (3,'transferencia'),
        (4,'cheque');

INSERT INTO ARTICULO (ID_ARTICULO, DESCRIPCION, PRECIO, COSTO, ID_CAT, ID_TALLA, ID_TECNOLOGIA, ID_MATERIAL) 
VALUES  (1,'Santa Cruz Screaming Hand',612.25,355.11,2,1,1,1),
        (2,'Creature Navarrete Gravedigger',581.64,290.82,1,4,3,1),
        (3,'Flip Oliveira DoughBoy',551.02,225.92,3,1,2,1),
        (4,'Almost Ring Impact',549.99,236.50,1,1,1,1),
        (5,'Alien WorkShop Spectrum',494.99,272.24,1,2,1,1),
        (6,'Creature Provost Tripz',404.99,242.99,1,3,3,2),
        (7,'Almost Mullen King',314.99,170.09,2,4,2,2);

INSERT INTO ARTICULO (ID_ARTICULO, DESCRIPCION, PRECIO, COSTO, ID_CAT, ID_TALLA, ID_TECNOLOGIA, ID_MATERIAL) 
VALUES  (8,'Almost Shake Pit',449.99,202.50,3,3,3,2);

INSERT INTO ARTICULO (ID_ARTICULO, DESCRIPCION, PRECIO, COSTO, ID_CAT, ID_TALLA, ID_TECNOLOGIA, ID_MATERIAL) 
VALUES  (9,'Creature Demon Skull',522.49,219.45,1,3,4,2),
        (10,'Almost Serie Rellic',299.99,167.99,1,3,1,2);

INSERT INTO CLIENTE (ID_CLIENTE, NOMBRE_CLIENTE, ID_CIUDAD, ID_PAIS, ID_ENVIO)
VALUES  (1,'MainLine SkateShop',1,1,1),
        (2,'Brooklin Projects SkateBoarding',2,1,5);


INSERT INTO CLIENTE (ID_CLIENTE, NOMBRE_CLIENTE, ID_CIUDAD, ID_PAIS, ID_ENVIO)
VALUES  (3,"District SkateBoard Shop",3,2,3),
        (4,'Rider Shack',4,3,5),
        (5,'Off Top SkateShop',5,1,5),
        (6,'The Garage Board Shop',6,4,2);

INSERT INTO CLIENTE (ID_CLIENTE, NOMBRE_CLIENTE, ID_CIUDAD, ID_PAIS, ID_ENVIO)
VALUES  (7,'DMB Global Inc',7,2,1),
        (8,'Track & Roller Co',8,2,1),
        (9,'Warning SkateShop',9,4,1),
        (10,'Collective',10,1,1),
        (11,'Planet Maple SkateShop',11,4,5);

INSERT INTO CLIENTE (ID_CLIENTE, NOMBRE_CLIENTE, ID_CIUDAD, ID_PAIS, ID_ENVIO)
VALUES  (12,'Mike Bike Shop',12,3,5),
        (13,'Psychward SkateShop',1,1,4),
        (14,'Snotty Nose Bastards',13,3,2),
        (15,'Palace SkateBoards',14,3,2),
        (16,'Loaded Boards',9,4,4);

INSERT INTO CLIENTE (ID_CLIENTE, NOMBRE_CLIENTE, ID_CIUDAD, ID_PAIS, ID_ENVIO)
VALUES  (17,'Dazadi Inc',9,4,3),
        (18,'L.A Skate Co',1,1,4),
        (19,'Nostalgic SkateBoard',14,3,3),
        (20,'Supreme',15,1,5),
        (21,'Hot Rod',13,3,5);

INSERT INTO CLIENTE (ID_CLIENTE, NOMBRE_CLIENTE, ID_CIUDAD, ID_PAIS, ID_ENVIO)
VALUES  (22,'Non Factory',16,5,2),
        (23,'No School SkateShop',17,1,2),
        (24,'Traffic BoardShop',18,5,5),
        (25,'Underground Skate Supply',19,5,3),
        (26,'Keen Ramps',20,3,3),
        (27,'City of bell',21,5,3),
        (28,'Snyder SkateShop',5,1,3);

INSERT INTO FACTURA (ID_FACTURA, FACTURA, ID_PAGO)
VALUES (1,'2019-000001',2);

INSERT INTO FACTURA (ID_FACTURA, FACTURA, ID_PAGO)
VALUES  (2,'2019-000002',1),
        (3,'2019-000003',4),
        (4,'2019-000004',4),
        (5,'2019-000005',4),
        (6,'2019-000006',3),
        (7,'2019-000007',4),
        (8,'2019-000008',1),
        (9,'2019-000009',3),
        (10,'2019-000010',1),
        (11,'2019-000011',3),
        (12,'2019-000012',2);

INSERT INTO FACTURA (ID_FACTURA, FACTURA, ID_PAGO)
VALUES  (13,'2019-000013',4),
        (14,'2019-000014',1),
        (15,'2019-000015',3),
        (16,'2019-000016',4),
        (17,'2019-000017',3),
        (18,'2019-000018',3),
        (19,'2019-000019',3),
        (20,'2019-000020',2),
        (21,'2019-000021',4),
        (22,'2019-000022',3),
        (23,'2019-000023',2),
        (24,'2019-000024',1),
        (25,'2019-000025',2),
        (26,'2019-000026',4),
        (27,'2019-000027',4),
        (28,'2019-000028',2),
        (29,'2019-000029',1),
        (30,'2019-000030',1),
        (31,'2019-000031',2),
        (32,'2019-000032',4),
        (33,'2019-000033',1);

INSERT INTO FACTURA (ID_FACTURA, FACTURA, ID_PAGO)
VALUES  (34,'2019-000034',4),
        (35,'2019-000035',3),
        (36,'2019-000036',3),
        (37,'2019-000037',1),
        (38,'2019-000038',4),
        (39,'2019-000039',1),
        (40,'2019-000040',3),
        (41,'2019-000041',4),
        (42,'2019-000042',3),
        (43,'2019-000043',4),
        (44,'2019-000044',1),
        (45,'2019-000045',4),
        (46,'2019-000046',2),
        (47,'2019-000047',2),
        (48,'2019-000048',2),
        (49,'2019-000049',2),
        (50,'2019-000050',1),
        (51,'2019-000051',3),
        (52,'2019-000052',4),
        (53,'2019-000053',1),
        (54,'2019-000054',4),
        (55,'2019-000055',4),
        (56,'2019-000056',3),
        (57,'2019-000057',3),
        (58,'2019-000058',1),
        (59,'2019-000059',1),
        (60,'2019-000060',2),
        (61,'2019-000061',4),
        (62,'2019-000062',3),
        (63,'2019-000063',3),
        (64,'2019-000064',3),
        (65,'2019-000065',3),
        (66,'2019-000066',4),
        (67,'2019-000067',4),
        (68,'2019-000068',2),
        (69,'2019-000069',2),
        (70,'2019-000070',1),
        (71,'2019-000071',3),
        (72,'2019-000072',4),
        (73,'2019-000073',1),
        (74,'2019-000074',2);

INSERT INTO FACTURA (ID_FACTURA, FACTURA, ID_PAGO)
VALUES  (75,'2019-000075',1),
        (76,'2019-000076',4),
        (77,'2019-000077',4),
        (78,'2019-000078',2),
        (79,'2019-000079',1),
        (80,'2019-000080',2),
        (81,'2019-000081',4),
        (82,'2019-000082',4),
        (83,'2019-000083',1),
        (84,'2019-000084',2),
        (85,'2019-000085',4),
        (86,'2019-000086',1),
        (87,'2019-000087',1),
        (88,'2019-000088',3),
        (89,'2019-000089',2),
        (90,'2019-000090',4),
        (91,'2019-000091',1),
        (92,'2019-000092',3),
        (93,'2019-000093',2),
        (94,'2019-000094',4),
        (95,'2019-000095',3),
        (96,'2019-000096',1),
        (97,'2019-000097',2),
        (98,'2019-000098',2),
        (99,'2019-000099',3),
        (100,'2019-000100',1),
        (101,'2019-000101',3),
        (102,'2019-000102',3),
        (103,'2019-000103',1),
        (104,'2019-000104',1),
        (105,'2019-000105',1),
        (106,'2019-000106',4),
        (107,'2019-000107',1),
        (108,'2019-000108',1),
        (109,'2019-000109',4),
        (110,'2019-000110',3),
        (111,'2019-000111',3),
        (112,'2019-000112',4),
        (113,'2019-000113',3),
        (114,'2019-000114',4),
        (115,'2019-000115',3),
        (116,'2019-000116',4),
        (117,'2019-000117',1),
        (118,'2019-000118',2),
        (119,'2019-000119',3),
        (120,'2020-000001',4),
        (121,'2020-000002',4),
        (122,'2020-000003',2),
        (123,'2020-000004',3),
        (124,'2020-000005',1),
        (125,'2020-000006',3),
        (126,'2020-000007',2),
        (127,'2020-000008',4),
        (128,'2020-000009',4),
        (129,'2020-000010',4),
        (130,'2020-000011',4),
        (131,'2020-000012',1),
        (132,'2020-000013',2),
        (133,'2020-000014',3),
        (134,'2020-000015',3),
        (135,'2020-000016',1),
        (136,'2020-000017',4),
        (137,'2020-000018',2),
        (138,'2020-000019',1),
        (139,'2020-000020',2),
        (140,'2020-000021',2),
        (141,'2020-000022',3),
        (142,'2020-000023',4),
        (143,'2020-000024',4),
        (144,'2020-000025',1),
        (145,'2020-000026',2),
        (146,'2020-000027',4),
        (147,'2020-000028',4),
        (148,'2020-000029',1),
        (149,'2020-000030',3),
        (150,'2020-000031',3),
        (151,'2020-000032',4),
        (152,'2020-000033',4),
        (153,'2020-000034',3),
        (154,'2020-000035',1),
        (155,'2020-000036',4);

INSERT INTO FACTURA (ID_FACTURA, FACTURA, ID_PAGO)
VALUES  (156,'2020-000037',2),
        (157,'2020-000038',3),
        (158,'2020-000039',4),
        (159,'2020-000040',3),
        (160,'2020-000041',4),
        (161,'2020-000042',3),
        (162,'2020-000043',4),
        (163,'2020-000044',3),
        (164,'2020-000045',1),
        (165,'2020-000046',1),
        (166,'2020-000047',1),
        (167,'2020-000048',3),
        (168,'2020-000049',4),
        (169,'2020-000050',4),
        (170,'2020-000051',3),
        (171,'2020-000052',2),
        (172,'2020-000053',1),
        (173,'2020-000054',1),
        (174,'2020-000055',4),
        (175,'2020-000056',4),
        (176,'2020-000057',1),
        (177,'2020-000058',3),
        (178,'2020-000059',1),
        (179,'2020-000060',2),
        (180,'2020-000061',3),
        (181,'2020-000062',2),
        (182,'2020-000063',4),
        (183,'2020-000064',4),
        (184,'2020-000065',3),
        (185,'2020-000066',1),
        (186,'2020-000067',1),
        (187,'2020-000068',2),
        (188,'2020-000069',1),
        (189,'2020-000070',1),
        (190,'2020-000071',1),
        (191,'2020-000072',1),
        (192,'2020-000073',2),
        (193,'2020-000074',3),
        (194,'2020-000075',2),
        (195,'2020-000076',2),
        (196,'2020-000077',1),
        (197,'2020-000078',1),
        (198,'2020-000079',2),
        (199,'2020-000080',3),
        (200,'2020-000081',2),
        (201,'2020-000082',3),
        (202,'2020-000083',2),
        (203,'2020-000084',2),
        (204,'2020-000085',4),
        (205,'2020-000086',4),
        (206,'2020-000087',4),
        (207,'2020-000088',1),
        (208,'2020-000089',2),
        (209,'2020-000090',2),
        (210,'2020-000091',1),
        (211,'2020-000092',2),
        (212,'2020-000093',3),
        (213,'2020-000094',3),
        (214,'2020-000095',2),
        (215,'2020-000096',1),
        (216,'2020-000097',3),
        (217,'2020-000098',3),
        (218,'2020-000099',4),
        (219,'2020-000100',1),
        (220,'2020-000101',1),
        (221,'2020-000102',4),
        (222,'2020-000103',2),
        (223,'2020-000104',1),
        (224,'2020-000105',4),
        (225,'2020-000106',3),
        (226,'2020-000107',3),
        (227,'2020-000108',2),
        (228,'2020-000109',3),
        (229,'2020-000110',4),
        (230,'2020-000111',4),
        (231,'2020-000112',3),
        (232,'2020-000113',3),
        (233,'2020-000114',4),
        (234,'2020-000115',3),
        (235,'2020-000116',1),
        (236,'2020-000117',2);

INSERT INTO FACTURA (ID_FACTURA, FACTURA, ID_PAGO)
VALUES  (237,'2020-000118',4),
        (238,'2020-000119',1),
        (239,'2021-000001',1),
        (240,'2021-000002',2),
        (241,'2021-000003',1),
        (242,'2021-000004',2),
        (243,'2021-000005',3),
        (244,'2021-000006',3),
        (245,'2021-000007',2),
        (246,'2021-000008',4),
        (247,'2021-000009',2),
        (248,'2021-000010',3),
        (249,'2021-000011',2),
        (250,'2021-000012',4),
        (251,'2021-000013',1),
        (252,'2021-000014',4),
        (253,'2021-000015',2),
        (254,'2021-000016',4),
        (255,'2021-000017',3),
        (256,'2021-000018',2),
        (257,'2021-000019',3),
        (258,'2021-000020',1),
        (259,'2021-000021',1),
        (260,'2021-000022',4),
        (261,'2021-000023',3),
        (262,'2021-000024',3),
        (263,'2021-000025',3),
        (264,'2021-000026',2),
        (265,'2021-000027',3),
        (266,'2021-000028',3),
        (267,'2021-000029',2),
        (268,'2021-000030',2),
        (269,'2021-000031',1),
        (270,'2021-000032',3),
        (271,'2021-000033',2),
        (272,'2021-000034',2),
        (273,'2021-000035',2),
        (274,'2021-000036',1),
        (275,'2021-000037',3),
        (276,'2021-000038',4),
        (277,'2021-000039',3),
        (278,'2021-000040',2),
        (279,'2021-000041',1),
        (280,'2021-000042',3),
        (281,'2021-000043',3),
        (282,'2021-000044',4),
        (283,'2021-000045',1);

INSERT INTO FACTURACION (ID_VENTA, NUM_FACTURA, ID_FACTURA, ID_ARTICULO, ID_MARCA, ID_CLIENTE, ID_CIUDAD, ID_PAIS, CANTIDAD, PRECIO, COSTO, ID_PAGO, ID_TIPO)
VALUES  (1,'2019-000001',1,1,1,3,3,2,8,612.25,355.11,2,3); 

INSERT INTO FACTURACION (ID_VENTA, NUM_FACTURA, ID_FACTURA, ID_ARTICULO, ID_MARCA, ID_CLIENTE, ID_CIUDAD, ID_PAIS, CANTIDAD, PRECIO, COSTO, ID_PAGO, ID_TIPO)
VALUES (3,'2019-000001',1,2,2,3,3,2,22,581.64,290.82,2,3);

INSERT INTO FACTURACION (ID_VENTA, NUM_FACTURA, ID_FACTURA, ID_ARTICULO, ID_MARCA, ID_CLIENTE, ID_CIUDAD, ID_PAIS, CANTIDAD, PRECIO, COSTO, ID_PAGO, ID_TIPO)
VALUES (4,'2019-000001',1,3,2,3,3,2,22,581.64,290.82,1,3);

INSERT INTO FACTURACION (ID_VENTA, NUM_FACTURA, ID_FACTURA, ID_ARTICULO, ID_MARCA, ID_CLIENTE, ID_CIUDAD, ID_PAIS, CANTIDAD, PRECIO, COSTO, ID_PAGO, ID_TIPO)
VALUES   (5,'2019-000002',1,3,2,3,3,2,22,589.64,277.82,1,2),
         (6,'2019-000002',2,3,3,3,1,2,22,589.64,278.82,1,2),
         (7,'2019-000002',2,3,3,3,2,2,22,589.20,247.78,2,2);
        
INSERT INTO FACTURACION (ID_VENTA, NUM_FACTURA, ID_FACTURA, ID_ARTICULO, ID_MARCA, ID_CLIENTE, ID_CIUDAD, ID_PAIS, CANTIDAD, PRECIO, COSTO, ID_PAGO, ID_TIPO)
VALUES   (8,'2019-000002',2,3,4,3,3,2,22,178.24,100.25,1,3),
         (9,'2019-000002',2,3,3,3,1,2,22,521.65,278.82,1,2),
         (10,'2019-000002',2,3,3,3,2,2,22,574.87,236.8,2,2),
         (11,'2019-000002',1,3,2,3,2,1,22,579.17,236.80,2,3),
         (12,'2019-000002',2,3,1,3,4,2,22,574.87,274.84,4,1),
         (13,'2019-000003',2,3,3,3,2,2,22,454.87,177.82,2,3),
         (14,'2019-000003',2,4,3,8,2,4,12,577.69,677.86,3,1),
         (15,'2019-000003',2,3,3,3,2,2,22,574.87,236.8,2,2),
         (16,'2019-000003',2,1,2,3,2,2,22,587.82,282.82,2,3),
         (17,'2019-000003',1,2,3,1,2,2,22,584.17,282.1,2,2);

INSERT INTO FACTURACION (ID_VENTA, NUM_FACTURA, ID_FACTURA, ID_ARTICULO, ID_MARCA, ID_CLIENTE, ID_CIUDAD, ID_PAIS, CANTIDAD, PRECIO, COSTO, ID_PAGO, ID_TIPO)
VALUES   (18,'2019-000003',1,3,4,3,3,2,22,378.24,260.25,1,3),
         (19,'2019-000003',2,3,3,3,1,2,22,621.65,578.82,1,2),
         (20,'2019-000003',2,3,3,3,2,2,22,874.87,536.8,2,2),
         (21,'2019-000003',2,4,2,1,2,1,21,579.17,236.80,2,3),
         (22,'2019-000003',2,3,1,3,4,2,23,574.87,274.84,4,1),
         (23,'2019-000003',3,3,2,3,1,2,27,954.87,577.82,2,3),
         (24,'2019-000003',1,4,4,8,2,4,12,777.69,677.86,3,1),
         (25,'2019-000004',2,3,3,3,2,2,22,574.87,236.8,2,2),
         (26,'2019-000004',2,1,2,3,2,2,10,587.82,282.82,2,3),
         (27,'2019-000004',1,2,3,1,2,2,11,584.17,282.11,2,3),
         (28,'2019-000004',2,3,3,1,1,2,12,574.17,212.13,2,2),
         (29,'2019-000004',1,2,3,1,2,2,11,536.17,262.17,2,2),
         (30,'2019-000004',2,2,3,1,2,2,10,456.17,232.20,2,2),
         (31,'2019-000004',1,3,3,1,2,2,11,452.17,242.12,1,2),
         (32,'2019-000004',1,2,1,1,2,2,14,321.17,292.1,2,3);

INSERT INTO FACTURACION (ID_VENTA, NUM_FACTURA, ID_FACTURA, ID_ARTICULO, ID_MARCA, ID_CLIENTE, ID_CIUDAD, ID_PAIS, CANTIDAD, PRECIO, COSTO, ID_PAGO, ID_TIPO)
VALUES   (33,'2019-000005',1,3,4,3,3,2,22,378.24,260.25,1,3),
         (34,'2019-000005',2,3,3,3,1,2,22,621.65,578.82,1,2),
         (35,'2019-000005',2,3,3,3,2,2,22,874.87,536.8,2,2),
         (36,'2019-000005',2,4,2,1,2,1,21,579.17,236.80,2,3),
         (37,'2019-000005',2,3,1,3,4,2,23,574.87,274.84,4,1),
         (38,'2019-000005',3,3,2,3,1,2,27,954.87,577.82,2,3),
         (39,'2019-000005',1,4,4,8,2,4,12,777.69,677.86,3,1),
         (40,'2019-000005',2,3,3,3,2,2,22,574.87,236.8,2,2),
         (41,'2019-000005',2,1,2,3,2,2,10,587.82,282.82,2,3),
         (42,'2019-000005',1,2,3,1,2,2,11,584.17,282.11,2,3),
         (43,'2019-000005',2,3,3,1,1,2,12,574.17,212.13,2,2),
         (44,'2019-000005',1,2,3,1,2,2,11,536.17,262.17,2,2),
         (45,'2019-000005',2,2,3,1,2,2,10,456.17,232.20,2,2),
         (46,'2019-000005',1,3,3,1,2,2,11,452.17,242.12,1,2),
         (47,'2019-000005',1,2,1,1,2,2,14,321.17,292.1,2,3);

INSERT INTO FACTURACION (ID_VENTA, NUM_FACTURA, ID_FACTURA, ID_ARTICULO, ID_MARCA, ID_CLIENTE, ID_CIUDAD, ID_PAIS, CANTIDAD, PRECIO, COSTO, ID_PAGO, ID_TIPO)
VALUES   (48,'2019-000006',1,3,4,3,3,2,22,378.24,260.25,1,3),
         (49,'2019-000006',2,3,3,3,1,2,22,621.65,578.82,1,2),
         (50,'2019-000006',2,3,3,3,2,2,22,874.87,536.8,2,2),
         (51,'2019-000006',2,4,2,1,2,1,21,579.17,236.80,2,3),
         (52,'2019-000006',2,3,1,3,4,2,23,574.87,274.84,4,1),
         (53,'2019-000006',3,3,2,3,1,2,27,954.87,577.82,2,3),
         (54,'2019-000006',1,4,4,8,2,4,12,777.69,677.86,3,1),
         (55,'2019-000006',2,3,3,3,2,2,22,574.87,236.8,2,2),
         (56,'2019-000006',2,1,2,3,2,2,10,587.82,282.82,2,3),
         (57,'2019-000006',1,2,3,1,2,2,11,584.17,282.11,2,3),
         (58,'2019-000006',2,3,3,1,1,2,12,574.17,212.13,2,2),
         (59,'2019-000006',1,2,3,1,2,2,11,536.17,262.17,2,2),
         (60,'2019-000006',2,2,3,1,2,2,10,456.17,232.20,2,2),
         (61,'2019-000006',1,3,3,1,2,2,11,452.17,242.12,1,2),
         (62,'2019-000006',1,2,1,1,2,2,14,321.17,292.1,2,3);

INSERT INTO FACTURACION (ID_VENTA, NUM_FACTURA, ID_FACTURA, ID_ARTICULO, ID_MARCA, ID_CLIENTE, ID_CIUDAD, ID_PAIS, CANTIDAD, PRECIO, COSTO, ID_PAGO, ID_TIPO)
VALUES   (63,'2019-000007',1,3,4,3,3,2,22,378.24,260.25,1,3),
         (64,'2019-000007',2,3,3,3,1,2,22,621.65,578.82,1,2),
         (65,'2019-000007',2,3,3,3,2,2,22,874.87,536.8,2,2),
         (66,'2019-000007',2,4,2,1,2,1,21,579.17,236.80,2,3),
         (67,'2019-000007',2,3,1,3,4,2,23,574.87,274.84,4,1),
         (68,'2019-000007',3,3,2,3,1,2,27,954.87,577.82,2,3),
         (69,'2019-000007',1,4,4,8,2,4,12,777.69,677.86,3,1),
         (70,'2019-000007',2,3,3,3,2,2,22,574.87,236.8,2,2),
         (71,'2019-000007',2,1,2,3,2,2,10,587.82,282.82,2,3),
         (72,'2019-000007',1,2,3,1,2,2,11,584.17,282.11,2,3),
         (73,'2019-000007',2,3,3,1,1,2,12,574.17,212.13,2,2),
         (74,'2019-000007',1,2,3,1,2,2,11,536.17,262.17,2,2),
         (75,'2019-000007',2,2,3,1,2,2,10,456.17,232.20,2,2),
         (76,'2019-000007',1,3,3,1,2,2,11,452.17,242.12,1,2),
         (77,'2019-000007',1,2,1,1,2,2,14,321.17,292.1,2,3);

INSERT INTO FACTURACION (ID_VENTA, NUM_FACTURA, ID_FACTURA, ID_ARTICULO, ID_MARCA, ID_CLIENTE, ID_CIUDAD, ID_PAIS, CANTIDAD, PRECIO, COSTO, ID_PAGO, ID_TIPO)
VALUES   (78,'2019-000008',1,3,4,3,3,2,22,378.24,260.25,1,3),
         (79,'2019-000008',2,3,3,3,1,2,22,621.65,578.82,1,2),
         (80,'2019-000008',2,3,3,3,2,2,22,874.87,536.8,2,2),
         (81,'2019-000008',2,4,2,1,2,1,21,579.17,236.80,2,3),
         (82,'2019-000008',2,3,1,3,4,2,23,574.87,274.84,4,1),
         (83,'2019-000008',3,3,2,3,1,2,27,954.87,577.82,2,3),
         (84,'2019-000008',1,4,4,8,2,4,12,777.69,677.86,3,1),
         (85,'2019-000008',2,3,3,3,2,2,22,574.87,236.8,2,2),
         (86,'2019-000008',2,1,2,3,2,2,10,587.82,282.82,2,3),
         (87,'2019-000008',1,2,3,1,2,2,11,584.17,282.11,2,3),
         (88,'2019-000008',2,3,3,1,1,2,12,574.17,212.13,2,2),
         (89,'2019-000008',1,2,3,1,2,2,11,536.17,262.17,2,2),
         (90,'2019-000008',2,2,3,1,2,2,10,456.17,232.20,2,2),
         (91,'2019-000008',1,3,3,1,2,2,11,452.17,242.12,1,2),
         (92,'2019-000008',1,2,1,1,2,2,14,321.17,292.1,2,3);

INSERT INTO FACTURACION (ID_VENTA, NUM_FACTURA, ID_FACTURA, ID_ARTICULO, ID_MARCA, ID_CLIENTE, ID_CIUDAD, ID_PAIS, CANTIDAD, PRECIO, COSTO, ID_PAGO, ID_TIPO)
VALUES   (93,'2019-000008',1,3,4,3,3,2,22,378.24,260.25,1,3),
         (94,'2019-000008',2,3,3,3,1,2,22,621.65,578.82,1,2),
         (95,'2019-000008',2,3,3,3,2,2,22,874.87,536.8,2,2),
         (96,'2019-000008',2,4,2,1,2,1,21,579.17,236.80,2,3),
         (97,'2019-000008',2,3,1,3,4,2,23,574.87,274.84,4,1),
         (98,'2019-000008',3,3,2,3,1,2,27,954.87,577.82,2,3),
         (99,'2019-000008',1,4,4,8,2,4,12,777.69,677.86,3,1),
         (100,'2019-000008',2,3,3,3,2,2,22,574.87,236.8,2,2),
         (101,'2019-000008',2,1,2,3,2,2,10,587.82,282.82,2,3),
         (102,'2019-000008',1,2,3,1,2,2,11,584.17,282.11,2,3),
         (103,'2019-000008',2,3,3,1,1,2,12,574.17,212.13,2,2),
         (104,'2019-000008',1,2,3,1,2,2,11,536.17,262.17,2,2),
         (105,'2019-000008',2,2,3,1,2,2,10,456.17,232.20,2,2),
         (106,'2019-000008',1,3,3,1,2,2,11,452.17,242.12,1,2),
         (107,'2019-000008',1,2,1,1,2,2,14,321.17,292.1,2,3);

INSERT INTO FACTURACION (ID_VENTA, NUM_FACTURA, ID_FACTURA, ID_ARTICULO, ID_MARCA, ID_CLIENTE, ID_CIUDAD, ID_PAIS, CANTIDAD, PRECIO, COSTO, ID_PAGO, ID_TIPO)
VALUES   (108,'2019-000008',1,3,4,3,3,2,22,378.24,260.25,1,3),
         (109,'2019-000008',2,3,3,3,1,2,22,621.65,578.82,1,2),
         (110,'2019-000008',2,3,3,3,2,2,22,874.87,536.8,2,2),
         (111,'2019-000008',2,4,2,1,2,1,21,579.17,236.80,2,3),
         (112,'2019-000008',2,3,1,3,4,2,23,574.87,274.84,4,1),
         (113,'2019-000008',3,3,2,3,1,2,27,954.87,577.82,2,3),
         (114,'2019-000008',1,4,4,8,2,4,12,777.69,677.86,3,1),
         (115,'2019-000008',2,3,3,3,2,2,22,574.87,236.8,2,2),
         (116,'2019-000008',2,1,2,3,2,2,10,587.82,282.82,2,3),
         (117,'2019-000008',1,2,3,1,2,2,11,584.17,282.11,2,3),
         (118,'2019-000008',2,3,3,1,1,2,12,574.17,212.13,2,2),
         (119,'2019-000008',1,2,3,1,2,2,11,536.17,262.17,2,2),
         (120,'2019-000008',2,2,3,1,2,2,10,456.17,232.20,2,2),
         (121,'2019-000008',1,3,3,1,2,2,11,452.17,242.12,1,2),
         (122,'2019-000008',1,2,1,1,2,2,14,321.17,292.1,2,3);

INSERT INTO FACTURACION (ID_VENTA, NUM_FACTURA, ID_FACTURA, ID_ARTICULO, ID_MARCA, ID_CLIENTE, ID_CIUDAD, ID_PAIS, CANTIDAD, PRECIO, COSTO, ID_PAGO, ID_TIPO)
VALUES   (123,'2019-000008',1,3,4,3,3,2,22,378.24,260.25,1,3),
         (124,'2019-000008',2,3,3,3,1,2,22,621.65,578.82,1,2),
         (125,'2019-000008',2,3,3,3,2,2,22,874.87,536.8,2,2),
         (126,'2019-000008',2,4,2,1,2,1,21,579.17,236.80,2,3),
         (127,'2019-000008',2,3,1,3,4,2,23,574.87,274.84,4,1),
         (128,'2019-000008',3,3,2,3,1,2,27,954.87,577.82,2,3),
         (129,'2019-000008',1,4,4,8,2,4,12,777.69,677.86,3,1),
         (130,'2019-000008',2,3,3,3,2,2,22,574.87,236.8,2,2),
         (131,'2019-000008',2,1,2,3,2,2,10,587.82,282.82,2,3),
         (132,'2019-000008',1,2,3,1,2,2,11,584.17,282.11,2,3),
         (133,'2019-000008',2,3,3,1,1,2,12,574.17,212.13,2,2),
         (134,'2019-000008',1,2,3,1,2,2,11,536.17,262.17,2,2),
         (135,'2019-000008',2,2,3,1,2,2,10,456.17,232.20,2,2),
         (136,'2019-000008',1,3,3,1,2,2,11,452.17,242.12,1,2),
         (137,'2019-000008',1,2,1,1,2,2,14,321.17,292.1,2,3);

INSERT INTO FACTURACION (ID_VENTA, NUM_FACTURA, ID_FACTURA, ID_ARTICULO, ID_MARCA, ID_CLIENTE, ID_CIUDAD, ID_PAIS, CANTIDAD, PRECIO, COSTO, ID_PAGO, ID_TIPO)
VALUES   (138,'2019-000009',1,3,4,3,3,2,22,378.24,260.25,1,3),
         (139,'2019-000009',2,3,3,3,1,2,22,621.65,578.82,1,2),
         (140,'2019-000009',2,3,3,3,2,2,22,874.87,536.8,2,2),
         (141,'2019-000009',2,4,2,1,2,1,21,579.17,236.80,2,3),
         (142,'2019-000009',2,3,1,3,4,2,23,574.87,274.84,4,1),
         (143,'2019-000009',3,3,2,3,1,2,27,954.87,577.82,2,3),
         (144,'2019-000009',1,4,4,8,2,4,12,777.69,677.86,3,1),
         (145,'2019-000009',2,3,3,3,2,2,22,574.87,236.8,2,2),
         (146,'2019-000009',2,1,2,3,2,2,10,587.82,282.82,2,3),
         (147,'2019-000009',1,2,3,1,2,2,11,584.17,282.11,2,3),
         (148,'2019-000009',2,3,3,1,1,2,12,574.17,212.13,2,2),
         (149,'2019-000009',1,2,3,1,2,2,11,536.17,262.17,2,2),
         (150,'2019-000009',2,2,3,1,2,2,10,456.17,232.20,2,2),
         (151,'2019-000009',1,3,3,1,2,2,11,452.17,242.12,1,2),
         (152,'2019-000009',1,2,1,1,2,2,14,321.17,292.1,2,3);

INSERT INTO FACTURACION (ID_VENTA, NUM_FACTURA, ID_FACTURA, ID_ARTICULO, ID_MARCA, ID_CLIENTE, ID_CIUDAD, ID_PAIS, CANTIDAD, PRECIO, COSTO, ID_PAGO, ID_TIPO)
VALUES   (153,'2019-000009',1,3,4,3,3,2,22,378.24,260.25,1,3),
         (154,'2019-000009',2,3,3,3,1,2,22,621.65,578.82,1,2),
         (155,'2019-000009',2,3,3,3,2,2,22,874.87,536.8,2,2),
         (156,'2019-000009',2,4,2,1,2,1,21,579.17,236.80,2,3),
         (157,'2019-000009',2,3,1,3,4,2,23,574.87,274.84,4,1),
         (158,'2019-000009',3,3,2,3,1,2,27,954.87,577.82,2,3),
         (159,'2019-000009',1,4,4,8,2,4,12,777.69,677.86,3,1),
         (160,'2019-000009',2,3,3,3,2,2,22,574.87,236.8,2,2),
         (161,'2019-000009',2,1,2,3,2,2,10,587.82,282.82,2,3),
         (162,'2019-000009',1,2,3,1,2,2,11,584.17,282.11,2,3),
         (163,'2019-000009',2,3,3,1,1,2,12,574.17,212.13,2,2),
         (164,'2019-000009',1,2,3,1,2,2,11,536.17,262.17,2,2),
         (165,'2019-000009',2,2,3,1,2,2,10,456.17,232.20,2,2),
         (166,'2019-000009',1,3,3,1,2,2,11,452.17,242.12,1,2),
         (167,'2019-000009',1,2,1,1,2,2,14,321.17,292.1,2,3);

INSERT INTO FACTURACION (ID_VENTA, NUM_FACTURA, ID_FACTURA, ID_ARTICULO, ID_MARCA, ID_CLIENTE, ID_CIUDAD, ID_PAIS, CANTIDAD, PRECIO, COSTO, ID_PAGO, ID_TIPO)
VALUES   (168,'2019-000010',1,3,4,3,3,2,22,378.24,260.25,1,3),
         (169,'2019-000010',2,3,3,3,1,2,22,621.65,578.82,1,2),
         (170,'2019-000010',2,3,3,3,2,2,22,874.87,536.8,2,2),
         (171,'2019-000010',2,4,2,1,2,1,21,579.17,236.80,2,3),
         (172,'2019-000010',2,3,1,3,4,2,23,574.87,274.84,4,1),
         (173,'2019-000010',3,3,2,3,1,2,27,954.87,577.82,2,3),
         (174,'2019-000010',1,4,4,8,2,4,12,777.69,677.86,3,1),
         (175,'2019-000010',2,3,3,3,2,2,22,574.87,236.8,2,2),
         (176,'2019-000010',2,1,2,3,2,2,10,587.82,282.82,2,3),
         (177,'2019-000010',1,2,3,1,2,2,11,584.17,282.11,2,3),
         (178,'2019-000010',2,3,3,1,1,2,12,574.17,212.13,2,2),
         (179,'2019-000010',1,2,3,1,2,2,11,536.17,262.17,2,2),
         (180,'2019-000010',2,2,3,1,2,2,10,456.17,232.20,2,2),
         (181,'2019-000010',1,3,3,1,2,2,11,452.17,242.12,1,2),
         (182,'2019-000010',1,2,1,1,2,2,14,321.17,292.1,2,3);

INSERT INTO FACTURACION (ID_VENTA, NUM_FACTURA, ID_FACTURA, ID_ARTICULO, ID_MARCA, ID_CLIENTE, ID_CIUDAD, ID_PAIS, CANTIDAD, PRECIO, COSTO, ID_PAGO, ID_TIPO)
VALUES   (183,'2019-000010',1,3,4,3,3,2,22,378.24,260.25,1,3),
         (184,'2019-000010',2,3,3,3,1,2,22,621.65,578.82,1,2),
         (185,'2019-000010',2,3,3,3,2,2,22,874.87,536.8,2,2),
         (186,'2019-000010',2,4,2,1,2,1,21,579.17,236.80,2,3),
         (187,'2019-000010',2,3,1,3,4,2,23,574.87,274.84,4,1),
         (188,'2019-000010',3,3,2,3,1,2,27,954.87,577.82,2,3),
         (189,'2019-000010',1,4,4,8,2,4,12,777.69,677.86,3,1),
         (190,'2019-000010',2,3,3,3,2,2,22,574.87,236.8,2,2),
         (191,'2019-000010',2,1,2,3,2,2,10,587.82,282.82,2,3),
         (192,'2019-000010',1,2,3,1,2,2,11,584.17,282.11,2,3),
         (193,'2019-000010',2,3,3,1,1,2,12,574.17,212.13,2,2),
         (194,'2019-000010',1,2,3,1,2,2,11,536.17,262.17,2,2),
         (195,'2019-000010',2,2,3,1,2,2,10,456.17,232.20,2,2),
         (196,'2019-000010',1,3,3,1,2,2,11,452.17,242.12,1,2),
         (197,'2019-000010',1,2,1,1,2,2,14,321.17,292.1,2,3);

INSERT INTO FACTURACION (ID_VENTA, NUM_FACTURA, ID_FACTURA, ID_ARTICULO, ID_MARCA, ID_CLIENTE, ID_CIUDAD, ID_PAIS, CANTIDAD, PRECIO, COSTO, ID_PAGO, ID_TIPO)
VALUES   (198,'2019-000011',1,3,4,3,3,2,22,378.24,260.25,1,3),
         (199,'2019-000011',2,3,3,3,1,2,22,621.65,578.82,1,2),
         (200,'2019-000011',2,3,3,3,2,2,22,874.87,536.8,2,2),
         (201,'2019-000011',2,4,2,1,2,1,21,579.17,236.80,2,3),
         (202,'2019-000011',2,3,1,3,4,2,23,574.87,274.84,4,1),
         (203,'2019-000011',3,3,2,3,1,2,27,954.87,577.82,2,3),
         (204,'2019-000011',1,4,4,8,2,4,12,777.69,677.86,3,1),
         (205,'2019-000011',2,3,3,3,2,2,22,574.87,236.8,2,2),
         (206,'2019-000011',2,1,2,3,2,2,10,587.82,282.82,2,3),
         (207,'2019-000011',1,2,3,1,2,2,11,584.17,282.11,2,3),
         (208,'2019-000011',2,3,3,1,1,2,12,574.17,212.13,2,2),
         (209,'2019-000011',1,2,3,1,2,2,11,536.17,262.17,2,2),
         (210,'2019-000011',2,2,3,1,2,2,10,456.17,232.20,2,2),
         (211,'2019-000011',1,3,3,1,2,2,11,452.17,242.12,1,2),
         (212,'2019-000011',1,2,1,1,2,2,14,321.17,292.1,2,3);

INSERT INTO FACTURACION (ID_VENTA, NUM_FACTURA, ID_FACTURA, ID_ARTICULO, ID_MARCA, ID_CLIENTE, ID_CIUDAD, ID_PAIS, CANTIDAD, PRECIO, COSTO, ID_PAGO, ID_TIPO)
VALUES   (213,'2019-000011',1,3,4,3,3,2,22,378.24,260.25,1,3),
         (214,'2019-000011',2,3,3,3,1,2,22,621.65,578.82,1,2),
         (215,'2019-000011',2,3,3,3,2,2,22,874.87,536.8,2,2),
         (216,'2019-000011',2,4,2,1,2,1,21,579.17,236.80,2,3),
         (217,'2019-000011',2,3,1,3,4,2,23,574.87,274.84,4,1),
         (218,'2019-000011',3,3,2,3,1,2,27,954.87,577.82,2,3),
         (219,'2019-000011',1,4,4,8,2,4,12,777.69,677.86,3,1),
         (220,'2019-000011',2,3,3,3,2,2,22,574.87,236.8,2,2),
         (221,'2019-000011',2,1,2,3,2,2,10,587.82,282.82,2,3),
         (222,'2019-000011',1,2,3,1,2,2,11,584.17,282.11,2,3),
         (223,'2019-000011',2,3,3,1,1,2,12,574.17,212.13,2,2),
         (224,'2019-000011',1,2,3,1,2,2,11,536.17,262.17,2,2),
         (225,'2019-000011',2,2,3,1,2,2,10,456.17,232.20,2,2),
         (226,'2019-000011',1,3,3,1,2,2,11,452.17,242.12,1,2),
         (227,'2019-000011',1,2,1,1,2,2,14,321.17,292.1,2,3);

INSERT INTO FACTURACION (ID_VENTA, NUM_FACTURA, ID_FACTURA, ID_ARTICULO, ID_MARCA, ID_CLIENTE, ID_CIUDAD, ID_PAIS, CANTIDAD, PRECIO, COSTO, ID_PAGO, ID_TIPO)
VALUES   (228,'2019-000012',1,3,4,3,3,2,22,378.24,260.25,1,3),
         (229,'2019-000012',2,3,3,3,1,2,22,621.65,578.82,1,2),
         (230,'2019-000012',2,3,3,3,2,2,22,874.87,536.8,2,2),
         (231,'2019-000012',2,4,2,1,2,1,21,579.17,236.80,2,3),
         (232,'2019-000012',2,3,1,3,4,2,23,574.87,274.84,4,1),
         (233,'2019-000012',3,3,2,3,1,2,27,954.87,577.82,2,3),
         (234,'2019-000012',1,4,4,8,2,4,12,777.69,677.86,3,1),
         (235,'2019-000012',2,3,3,3,2,2,22,574.87,236.8,2,2),
         (236,'2019-000012',2,1,2,3,2,2,10,587.82,282.82,2,3),
         (237,'2019-000012',1,2,3,1,2,2,11,584.17,282.11,2,3),
         (238,'2019-000012',2,3,3,1,1,2,12,574.17,212.13,2,2),
         (239,'2019-000012',1,2,3,1,2,2,11,536.17,262.17,2,2),
         (240,'2019-000012',2,2,3,1,2,2,10,456.17,232.20,2,2),
         (241,'2019-000012',1,3,3,1,2,2,11,452.17,242.12,1,2),
         (242,'2019-000012',1,2,1,1,2,2,14,321.17,292.1,2,3);

INSERT INTO FACTURACION (ID_VENTA, NUM_FACTURA, ID_FACTURA, ID_ARTICULO, ID_MARCA, ID_CLIENTE, ID_CIUDAD, ID_PAIS, CANTIDAD, PRECIO, COSTO, ID_PAGO, ID_TIPO)
VALUES   (243,'2019-000012',1,3,4,3,3,2,22,378.24,260.25,1,3),
         (244,'2019-000012',2,3,3,3,1,2,22,621.65,578.82,1,2),
         (245,'2019-000012',2,3,3,3,2,2,22,874.87,536.8,2,2),
         (246,'2019-000012',2,4,2,1,2,1,21,579.17,236.80,2,3),
         (247,'2019-000012',2,3,1,3,4,2,23,574.87,274.84,4,1),
         (248,'2019-000012',3,3,2,3,1,2,27,954.87,577.82,2,3),
         (249,'2019-000012',1,4,4,8,2,4,12,777.69,677.86,3,1),
         (250,'2019-000012',2,3,3,3,2,2,22,574.87,236.8,2,2),
         (251,'2019-000012',2,1,2,3,2,2,10,587.82,282.82,2,3),
         (252,'2019-000012',1,2,3,1,2,2,11,584.17,282.11,2,3),
         (253,'2019-000012',2,3,3,1,1,2,12,574.17,212.13,2,2),
         (254,'2019-000012',1,2,3,1,2,2,11,536.17,262.17,2,2),
         (255,'2019-000012',2,2,3,1,2,2,10,456.17,232.20,2,2),
         (256,'2019-000012',1,3,3,1,2,2,11,452.17,242.12,1,2),
         (257,'2019-000012',1,2,1,1,2,2,14,321.17,292.1,2,3);

INSERT INTO FACTURACION (ID_VENTA, NUM_FACTURA, ID_FACTURA, ID_ARTICULO, ID_MARCA, ID_CLIENTE, ID_CIUDAD, ID_PAIS, CANTIDAD, PRECIO, COSTO, ID_PAGO, ID_TIPO)
VALUES   (258,'2019-000013',1,3,4,3,3,2,22,378.24,260.25,1,3),
         (259,'2019-000013',2,3,3,3,1,2,22,621.65,578.82,1,2),
         (260,'2019-000013',2,3,3,3,2,2,22,874.87,536.8,2,2),
         (261,'2019-000013',2,4,2,1,2,1,21,579.17,236.80,2,3),
         (262,'2019-000013',2,3,1,3,4,2,23,574.87,274.84,4,1),
         (263,'2019-000013',3,3,2,3,1,2,27,954.87,577.82,2,3),
         (264,'2019-000013',1,4,4,8,2,4,12,777.69,677.86,3,1),
         (265,'2019-000013',2,3,3,3,2,2,22,574.87,236.8,2,2),
         (266,'2019-000013',2,1,2,3,2,2,10,587.82,282.82,2,3),
         (267,'2019-000013',1,2,3,1,2,2,11,584.17,282.11,2,3),
         (268,'2019-000013',2,3,3,1,1,2,12,574.17,212.13,2,2),
         (269,'2019-000013',1,2,3,1,2,2,11,536.17,262.17,2,2),
         (270,'2019-000013',2,2,3,1,2,2,10,456.17,232.20,2,2),
         (271,'2019-000013',1,3,3,1,2,2,11,452.17,242.12,1,2),
         (272,'2019-000013',1,2,1,1,2,2,14,321.17,292.1,2,3);

INSERT INTO FACTURACION (ID_VENTA, NUM_FACTURA, ID_FACTURA, ID_ARTICULO, ID_MARCA, ID_CLIENTE, ID_CIUDAD, ID_PAIS, CANTIDAD, PRECIO, COSTO, ID_PAGO, ID_TIPO)
VALUES   (273,'2019-000013',1,3,4,3,3,2,22,378.24,260.25,1,3),
         (274,'2019-000013',2,3,3,3,1,2,22,621.65,578.82,1,2),
         (275,'2019-000013',2,3,3,3,2,2,22,874.87,536.8,2,2),
         (276,'2019-000013',2,4,2,1,2,1,21,579.17,236.80,2,3),
         (277,'2019-000013',2,3,1,3,4,2,23,574.87,274.84,4,1),
         (278,'2019-000013',3,3,2,3,1,2,27,954.87,577.82,2,3),
         (279,'2019-000013',1,4,4,8,2,4,12,777.69,677.86,3,1),
         (280,'2019-000013',2,3,3,3,2,2,22,574.87,236.8,2,2),
         (281,'2019-000013',2,1,2,3,2,2,10,587.82,282.82,2,3),
         (282,'2019-000013',1,2,3,1,2,2,11,584.17,282.11,2,3),
         (283,'2019-000013',2,3,3,1,1,2,12,574.17,212.13,2,2),
         (284,'2019-000013',1,2,3,1,2,2,11,536.17,262.17,2,2),
         (285,'2019-000013',2,2,3,1,2,2,10,456.17,232.20,2,2),
         (286,'2019-000013',1,3,3,1,2,2,11,452.17,242.12,1,2),
         (287,'2019-000013',1,2,1,1,2,2,14,321.17,292.1,2,3);

INSERT INTO FACTURACION (ID_VENTA, NUM_FACTURA, ID_FACTURA, ID_ARTICULO, ID_MARCA, ID_CLIENTE, ID_CIUDAD, ID_PAIS, CANTIDAD, PRECIO, COSTO, ID_PAGO, ID_TIPO)
VALUES   (288,'2019-000014',1,3,4,3,3,2,22,378.24,260.25,1,3),
         (289,'2019-000014',2,3,3,3,1,2,22,621.65,578.82,1,2),
         (290,'2019-000014',2,3,3,3,2,2,22,874.87,536.8,2,2),
         (291,'2019-000014',2,4,2,1,2,1,21,579.17,236.80,2,3),
         (292,'2019-000014',2,3,1,3,4,2,23,574.87,274.84,4,1),
         (293,'2019-000014',3,3,2,3,1,2,27,954.87,577.82,2,3),
         (294,'2019-000014',1,4,4,8,2,4,12,777.69,677.86,3,1),
         (295,'2019-000014',2,3,3,3,2,2,22,574.87,236.8,2,2),
         (296,'2019-000014',2,1,2,3,2,2,10,587.82,282.82,2,3),
         (297,'2019-000014',1,2,3,1,2,2,11,584.17,282.11,2,3),
         (298,'2019-000014',2,3,3,1,1,2,12,574.17,212.13,2,2),
         (299,'2019-000014',1,2,3,1,2,2,11,536.17,262.17,2,2),
         (300,'2019-000014',2,2,3,1,2,2,10,456.17,232.20,2,2),
         (301,'2019-000014',1,3,3,1,2,2,11,452.17,242.12,1,2),
         (302,'2019-000014',1,2,1,1,2,2,14,321.17,292.1,2,3);

INSERT INTO FACTURACION (ID_VENTA, NUM_FACTURA, ID_FACTURA, ID_ARTICULO, ID_MARCA, ID_CLIENTE, ID_CIUDAD, ID_PAIS, CANTIDAD, PRECIO, COSTO, ID_PAGO, ID_TIPO)
VALUES   (303,'2019-000014',1,3,4,3,3,2,22,378.24,260.25,1,3),
         (304,'2019-000014',2,3,3,3,1,2,22,621.65,578.82,1,2),
         (305,'2019-000014',2,3,3,3,2,2,22,874.87,536.8,2,2),
         (306,'2019-000014',2,4,2,1,2,1,21,579.17,236.80,2,3),
         (307,'2019-000014',2,3,1,3,4,2,23,574.87,274.84,4,1),
         (308,'2019-000014',3,3,2,3,1,2,27,954.87,577.82,2,3),
         (309,'2019-000014',1,4,4,8,2,4,12,777.69,677.86,3,1),
         (310,'2019-000014',2,3,3,3,2,2,22,574.87,236.8,2,2),
         (311,'2019-000014',2,1,2,3,2,2,10,587.82,282.82,2,3),
         (312,'2019-000014',1,2,3,1,2,2,11,584.17,282.11,2,3),
         (313,'2019-000014',2,3,3,1,1,2,12,574.17,212.13,2,2),
         (314,'2019-000014',1,2,3,1,2,2,11,536.17,262.17,2,2),
         (315,'2019-000014',2,2,3,1,2,2,10,456.17,232.20,2,2),
         (316,'2019-000014',1,3,3,1,2,2,11,452.17,242.12,1,2),
         (317,'2019-000014',1,2,1,1,2,2,14,321.17,292.1,2,3);

INSERT INTO FACTURACION (ID_VENTA, NUM_FACTURA, ID_FACTURA, ID_ARTICULO, ID_MARCA, ID_CLIENTE, ID_CIUDAD, ID_PAIS, CANTIDAD, PRECIO, COSTO, ID_PAGO, ID_TIPO)
VALUES   (318,'2019-000015',1,3,4,3,3,2,22,378.24,260.25,1,3),
         (319,'2019-000015',2,3,3,3,1,2,22,621.65,578.82,1,2),
         (320,'2019-000015',2,3,3,3,2,2,22,874.87,536.8,2,2),
         (321,'2019-000015',2,4,2,1,2,1,21,579.17,236.80,2,3),
         (322,'2019-000015',2,3,1,3,4,2,23,574.87,274.84,4,1),
         (323,'2019-000015',3,3,2,3,1,2,27,954.87,577.82,2,3),
         (324,'2019-000015',1,4,4,8,2,4,12,777.69,677.86,3,1),
         (325,'2019-000015',2,3,3,3,2,2,22,574.87,236.8,2,2),
         (326,'2019-000015',2,1,2,3,2,2,10,587.82,282.82,2,3),
         (327,'2019-000015',1,2,3,1,2,2,11,584.17,282.11,2,3),
         (328,'2019-000015',2,3,3,1,1,2,12,574.17,212.13,2,2),
         (329,'2019-000015',1,2,3,1,2,2,11,536.17,262.17,2,2),
         (330,'2019-000015',2,2,3,1,2,2,10,456.17,232.20,2,2),
         (331,'2019-000015',1,3,3,1,2,2,11,452.17,242.12,1,2),
         (332,'2019-000015',1,2,1,1,2,2,14,321.17,292.1,2,3);

INSERT INTO FACTURACION (ID_VENTA, NUM_FACTURA, ID_FACTURA, ID_ARTICULO, ID_MARCA, ID_CLIENTE, ID_CIUDAD, ID_PAIS, CANTIDAD, PRECIO, COSTO, ID_PAGO, ID_TIPO)
VALUES   (333,'2019-000015',1,3,4,3,3,2,22,378.24,260.25,1,3),
         (334,'2019-000015',2,3,3,3,1,2,22,621.65,578.82,1,2),
         (335,'2019-000015',2,3,3,3,2,2,22,874.87,536.8,2,2),
         (336,'2019-000015',2,4,2,1,2,1,21,579.17,236.80,2,3),
         (337,'2019-000015',2,3,1,3,4,2,23,574.87,274.84,4,1),
         (338,'2019-000015',3,3,2,3,1,2,27,954.87,577.82,2,3),
         (339,'2019-000015',1,4,4,8,2,4,12,777.69,677.86,3,1),
         (340,'2019-000015',2,3,3,3,2,2,22,574.87,236.8,2,2),
         (341,'2019-000015',2,1,2,3,2,2,10,587.82,282.82,2,3),
         (342,'2019-000015',1,2,3,1,2,2,11,584.17,282.11,2,3),
         (343,'2019-000015',2,3,3,1,1,2,12,574.17,212.13,2,2),
         (344,'2019-000015',1,2,3,1,2,2,11,536.17,262.17,2,2),
         (345,'2019-000015',2,2,3,1,2,2,10,456.17,232.20,2,2),
         (346,'2019-000015',1,3,3,1,2,2,11,452.17,242.12,1,2),
         (347,'2019-000015',1,2,1,1,2,2,14,321.17,292.1,2,3);

INSERT INTO FACTURACION (ID_VENTA, NUM_FACTURA, ID_FACTURA, ID_ARTICULO, ID_MARCA, ID_CLIENTE, ID_CIUDAD, ID_PAIS, CANTIDAD, PRECIO, COSTO, ID_PAGO, ID_TIPO)
VALUES   (348,'2019-000016',1,3,4,3,3,2,22,378.24,260.25,1,3),
         (349,'2019-000016',2,3,3,3,1,2,22,621.65,578.82,1,2),
         (350,'2019-000016',2,3,3,3,2,2,22,874.87,536.8,2,2),
         (351,'2019-000016',2,4,2,1,2,1,21,579.17,236.80,2,3),
         (352,'2019-000016',2,3,1,3,4,2,23,574.87,274.84,4,1),
         (353,'2019-000016',3,3,2,3,1,2,27,954.87,577.82,2,3),
         (354,'2019-000016',1,4,4,8,2,4,12,777.69,677.86,3,1),
         (355,'2019-000016',2,3,3,3,2,2,22,574.87,236.8,2,2),
         (356,'2019-000016',2,1,2,3,2,2,10,587.82,282.82,2,3),
         (357,'2019-000016',1,2,3,1,2,2,11,584.17,282.11,2,3),
         (358,'2019-000016',2,3,3,1,1,2,12,574.17,212.13,2,2),
         (359,'2019-000016',1,2,3,1,2,2,11,536.17,262.17,2,2),
         (360,'2019-000016',2,2,3,1,2,2,10,456.17,232.20,2,2),
         (361,'2019-000016',1,3,3,1,2,2,11,452.17,242.12,1,2),
         (362,'2019-000016',1,2,1,1,2,2,14,321.17,292.1,2,3);

INSERT INTO FACTURACION (ID_VENTA, NUM_FACTURA, ID_FACTURA, ID_ARTICULO, ID_MARCA, ID_CLIENTE, ID_CIUDAD, ID_PAIS, CANTIDAD, PRECIO, COSTO, ID_PAGO, ID_TIPO)
VALUES   (363,'2019-000016',1,3,4,3,3,2,22,378.24,260.25,1,3),
         (364,'2019-000016',2,3,3,3,1,2,22,621.65,578.82,1,2),
         (365,'2019-000016',2,3,3,3,2,2,22,874.87,536.8,2,2),
         (366,'2019-000016',2,4,2,1,2,1,21,579.17,236.80,2,3),
         (367,'2019-000016',2,3,1,3,4,2,23,574.87,274.84,4,1),
         (368,'2019-000016',3,3,2,3,1,2,27,954.87,577.82,2,3),
         (369,'2019-000016',1,4,4,8,2,4,12,777.69,677.86,3,1),
         (370,'2019-000016',2,3,3,3,2,2,22,574.87,236.8,2,2),
         (371,'2019-000016',2,1,2,3,2,2,10,587.82,282.82,2,3),
         (372,'2019-000016',1,2,3,1,2,2,11,584.17,282.11,2,3),
         (373,'2019-000016',2,3,3,1,1,2,12,574.17,212.13,2,2),
         (374,'2019-000016',1,2,3,1,2,2,11,536.17,262.17,2,2),
         (375,'2019-000016',2,2,3,1,2,2,10,456.17,232.20,2,2),
         (376,'2019-000016',1,3,3,1,2,2,11,452.17,242.12,1,2),
         (377,'2019-000016',1,2,1,1,2,2,14,321.17,292.1,2,3);

INSERT INTO FACTURACION (ID_VENTA, NUM_FACTURA, ID_FACTURA, ID_ARTICULO, ID_MARCA, ID_CLIENTE, ID_CIUDAD, ID_PAIS, CANTIDAD, PRECIO, COSTO, ID_PAGO, ID_TIPO)
VALUES   (378,'2019-000017',1,3,4,3,3,2,22,378.24,260.25,1,3),
         (379,'2019-000017',2,3,3,3,1,2,22,621.65,578.82,1,2),
         (380,'2019-000017',2,3,3,3,2,2,22,874.87,536.8,2,2),
         (381,'2019-000017',2,4,2,1,2,1,21,579.17,236.80,2,3),
         (382,'2019-000017',2,3,1,3,4,2,23,574.87,274.84,4,1),
         (383,'2019-000017',3,3,2,3,1,2,27,954.87,577.82,2,3),
         (384,'2019-000017',1,4,4,8,2,4,12,777.69,677.86,3,1),
         (385,'2019-000017',2,3,3,3,2,2,22,574.87,236.8,2,2),
         (386,'2019-000017',2,1,2,3,2,2,10,587.82,282.82,2,3),
         (387,'2019-000017',1,2,3,1,2,2,11,584.17,282.11,2,3),
         (388,'2019-000017',2,3,3,1,1,2,12,574.17,212.13,2,2),
         (389,'2019-000017',1,2,3,1,2,2,11,536.17,262.17,2,2),
         (390,'2019-000017',2,2,3,1,2,2,10,456.17,232.20,2,2),
         (391,'2019-000017',1,3,3,1,2,2,11,452.17,242.12,1,2),
         (392,'2019-000017',1,2,1,1,2,2,14,321.17,292.1,2,3);

INSERT INTO FACTURACION (ID_VENTA, NUM_FACTURA, ID_FACTURA, ID_ARTICULO, ID_MARCA, ID_CLIENTE, ID_CIUDAD, ID_PAIS, CANTIDAD, PRECIO, COSTO, ID_PAGO, ID_TIPO)
VALUES   (393,'2019-000017',1,3,4,3,3,2,22,378.24,260.25,1,3),
         (394,'2019-000017',2,3,3,3,1,2,22,621.65,578.82,1,2),
         (395,'2019-000017',2,3,3,3,2,2,22,874.87,536.8,2,2),
         (396,'2019-000017',2,4,2,1,2,1,21,579.17,236.80,2,3),
         (397,'2019-000017',2,3,1,3,4,2,23,574.87,274.84,4,1),
         (398,'2019-000017',3,3,2,3,1,2,27,954.87,577.82,2,3),
         (399,'2019-000017',1,4,4,8,2,4,12,777.69,677.86,3,1),
         (400,'2019-000017',2,3,3,3,2,2,22,574.87,236.8,2,2),
         (401,'2019-000017',2,1,2,3,2,2,10,587.82,282.82,2,3),
         (402,'2019-000017',1,2,3,1,2,2,11,584.17,282.11,2,3),
         (403,'2019-000017',2,3,3,1,1,2,12,574.17,212.13,2,2),
         (404,'2019-000017',1,2,3,1,2,2,11,536.17,262.17,2,2),
         (405,'2019-000017',2,2,3,1,2,2,10,456.17,232.20,2,2),
         (406,'2019-000017',1,3,3,1,2,2,11,452.17,242.12,1,2),
         (407,'2019-000017',1,2,1,1,2,2,14,321.17,292.1,2,3);

INSERT INTO FACTURACION (ID_VENTA, NUM_FACTURA, ID_FACTURA, ID_ARTICULO, ID_MARCA, ID_CLIENTE, ID_CIUDAD, ID_PAIS, CANTIDAD, PRECIO, COSTO, ID_PAGO, ID_TIPO)
VALUES   (408,'2019-000018',1,3,4,3,3,2,22,378.24,260.25,1,3),
         (409,'2019-000018',2,3,3,3,1,2,22,621.65,578.82,1,2),
         (410,'2019-000018',2,3,3,3,2,2,22,874.87,536.8,2,2),
         (411,'2019-000018',2,4,2,1,2,1,21,579.17,236.80,2,3),
         (412,'2019-000018',2,3,1,3,4,2,23,574.87,274.84,4,1),
         (413,'2019-000018',3,3,2,3,1,2,27,954.87,577.82,2,3),
         (414,'2019-000018',1,4,4,8,2,4,12,777.69,677.86,3,1),
         (415,'2019-000018',2,3,3,3,2,2,22,574.87,236.8,2,2),
         (416,'2019-000018',2,1,2,3,2,2,10,587.82,282.82,2,3),
         (417,'2019-000018',1,2,3,1,2,2,11,584.17,282.11,2,3),
         (418,'2019-000018',2,3,3,1,1,2,12,574.17,212.13,2,2),
         (419,'2019-000018',1,2,3,1,2,2,11,536.17,262.17,2,2),
         (420,'2019-000018',2,2,3,1,2,2,10,456.17,232.20,2,2),
         (421,'2019-000018',1,3,3,1,2,2,11,452.17,242.12,1,2),
         (422,'2019-000018',1,2,1,1,2,2,14,321.17,292.1,2,3);

INSERT INTO FACTURACION (ID_VENTA, NUM_FACTURA, ID_FACTURA, ID_ARTICULO, ID_MARCA, ID_CLIENTE, ID_CIUDAD, ID_PAIS, CANTIDAD, PRECIO, COSTO, ID_PAGO, ID_TIPO)
VALUES   (423,'2019-000018',1,3,4,3,3,2,22,378.24,260.25,1,3),
         (424,'2019-000018',2,3,3,3,1,2,22,621.65,578.82,1,2),
         (425,'2019-000018',2,3,3,3,2,2,22,874.87,536.8,2,2),
         (426,'2019-000018',2,4,2,1,2,1,21,579.17,236.80,2,3),
         (427,'2019-000018',2,3,1,3,4,2,23,574.87,274.84,4,1),
         (428,'2019-000018',3,3,2,3,1,2,27,954.87,577.82,2,3),
         (429,'2019-000018',1,4,4,8,2,4,12,777.69,677.86,3,1),
         (430,'2019-000018',2,3,3,3,2,2,22,574.87,236.8,2,2),
         (431,'2019-000018',2,1,2,3,2,2,10,587.82,282.82,2,3),
         (432,'2019-000018',1,2,3,1,2,2,11,584.17,282.11,2,3),
         (433,'2019-000018',2,3,3,1,1,2,12,574.17,212.13,2,2),
         (434,'2019-000018',1,2,3,1,2,2,11,536.17,262.17,2,2),
         (435,'2019-000018',2,2,3,1,2,2,10,456.17,232.20,2,2),
         (436,'2019-000018',1,3,3,1,2,2,11,452.17,242.12,1,2),
         (437,'2019-000018',1,2,1,1,2,2,14,321.17,292.1,2,3);

INSERT INTO FACTURACION (ID_VENTA, NUM_FACTURA, ID_FACTURA, ID_ARTICULO, ID_MARCA, ID_CLIENTE, ID_CIUDAD, ID_PAIS, CANTIDAD, PRECIO, COSTO, ID_PAGO, ID_TIPO)
VALUES   (438,'2019-000019',1,3,4,3,3,2,22,378.24,260.25,1,3),
         (439,'2019-000019',2,3,3,3,1,2,22,621.65,578.82,1,2),
         (440,'2019-000019',2,3,3,3,2,2,22,874.87,536.8,2,2),
         (441,'2019-000019',2,4,2,1,2,1,21,579.17,236.80,2,3),
         (442,'2019-000019',2,3,1,3,4,2,23,574.87,274.84,4,1),
         (443,'2019-000019',3,3,2,3,1,2,27,954.87,577.82,2,3),
         (444,'2019-000019',1,4,4,8,2,4,12,777.69,677.86,3,1),
         (445,'2019-000019',2,3,3,3,2,2,22,574.87,236.8,2,2),
         (446,'2019-000019',2,1,2,3,2,2,10,587.82,282.82,2,3),
         (447,'2019-000019',1,2,3,1,2,2,11,584.17,282.11,2,3),
         (448,'2019-000019',2,3,3,1,1,2,12,574.17,212.13,2,2),
         (449,'2019-000019',1,2,3,1,2,2,11,536.17,262.17,2,2),
         (450,'2019-000019',2,2,3,1,2,2,10,456.17,232.20,2,2),
         (451,'2019-000019',1,3,3,1,2,2,11,452.17,242.12,1,2),
         (452,'2019-000019',1,2,1,1,2,2,14,321.17,292.1,2,3);

INSERT INTO FACTURACION (ID_VENTA, NUM_FACTURA, ID_FACTURA, ID_ARTICULO, ID_MARCA, ID_CLIENTE, ID_CIUDAD, ID_PAIS, CANTIDAD, PRECIO, COSTO, ID_PAGO, ID_TIPO)
VALUES   (453,'2019-000019',1,3,4,3,3,2,22,378.24,260.25,1,3),
         (454,'2019-000019',2,3,3,3,1,2,22,621.65,578.82,1,2),
         (455,'2019-000019',2,3,3,3,2,2,22,874.87,536.8,2,2),
         (456,'2019-000019',2,4,2,1,2,1,21,579.17,236.80,2,3),
         (457,'2019-000019',2,3,1,3,4,2,23,574.87,274.84,4,1),
         (458,'2019-000019',3,3,2,3,1,2,27,954.87,577.82,2,3),
         (459,'2019-000019',1,4,4,8,2,4,12,777.69,677.86,3,1),
         (460,'2019-000019',2,3,3,3,2,2,22,574.87,236.8,2,2),
         (461,'2019-000019',2,1,2,3,2,2,10,587.82,282.82,2,3),
         (462,'2019-000019',1,2,3,1,2,2,11,584.17,282.11,2,3),
         (463,'2019-000019',2,3,3,1,1,2,12,574.17,212.13,2,2),
         (464,'2019-000019',1,2,3,1,2,2,11,536.17,262.17,2,2),
         (465,'2019-000019',2,2,3,1,2,2,10,456.17,232.20,2,2),
         (466,'2019-000019',1,3,3,1,2,2,11,452.17,242.12,1,2),
         (467,'2019-000019',1,2,1,1,2,2,14,321.17,292.1,2,3);

INSERT INTO FACTURACION (ID_VENTA, NUM_FACTURA, ID_FACTURA, ID_ARTICULO, ID_MARCA, ID_CLIENTE, ID_CIUDAD, ID_PAIS, CANTIDAD, PRECIO, COSTO, ID_PAGO, ID_TIPO)
VALUES   (468,'2019-000020',1,3,4,3,3,2,22,378.24,260.25,1,3),
         (469,'2019-000020',2,3,3,3,1,2,22,621.65,578.82,1,2),
         (470,'2019-000020',2,3,3,3,2,2,22,874.87,536.8,2,2),
         (471,'2019-000020',2,4,2,1,2,1,21,579.17,236.80,2,3),
         (472,'2019-000020',2,3,1,3,4,2,23,574.87,274.84,4,1),
         (473,'2019-000020',3,3,2,3,1,2,27,954.87,577.82,2,3),
         (474,'2019-000020',1,4,4,8,2,4,12,777.69,677.86,3,1),
         (475,'2019-000020',2,3,3,3,2,2,22,574.87,236.8,2,2),
         (476,'2019-000020',2,1,2,3,2,2,10,587.82,282.82,2,3),
         (477,'2019-000020',1,2,3,1,2,2,11,584.17,282.11,2,3),
         (478,'2019-000020',2,3,3,1,1,2,12,574.17,212.13,2,2),
         (479,'2019-000020',1,2,3,1,2,2,11,536.17,262.17,2,2),
         (480,'2019-000020',2,2,3,1,2,2,10,456.17,232.20,2,2),
         (481,'2019-000020',1,3,3,1,2,2,11,452.17,242.12,1,2),
         (482,'2019-000020',1,2,1,1,2,2,14,321.17,292.1,2,3);

INSERT INTO FACTURACION (ID_VENTA, NUM_FACTURA, ID_FACTURA, ID_ARTICULO, ID_MARCA, ID_CLIENTE, ID_CIUDAD, ID_PAIS, CANTIDAD, PRECIO, COSTO, ID_PAGO, ID_TIPO)
VALUES   (483,'2019-000020',1,3,4,3,3,2,22,378.24,260.25,1,3),
         (484,'2019-000020',2,3,3,3,1,2,22,621.65,578.82,1,2),
         (485,'2019-000020',2,3,3,3,2,2,22,874.87,536.8,2,2),
         (486,'2019-000020',2,4,2,1,2,1,21,579.17,236.80,2,3),
         (487,'2019-000020',2,3,1,3,4,2,23,574.87,274.84,4,1),
         (488,'2019-000020',3,3,2,3,1,2,27,954.87,577.82,2,3),
         (489,'2019-000020',1,4,4,8,2,4,12,777.69,677.86,3,1),
         (490,'2019-000020',2,3,3,3,2,2,22,574.87,236.8,2,2),
         (491,'2019-000020',2,1,2,3,2,2,10,587.82,282.82,2,3),
         (492,'2019-000020',1,2,3,1,2,2,11,584.17,282.11,2,3),
         (493,'2019-000020',2,3,3,1,1,2,12,574.17,212.13,2,2),
         (494,'2019-000020',1,2,3,1,2,2,11,536.17,262.17,2,2),
         (495,'2019-000020',2,2,3,1,2,2,10,456.17,232.20,2,2),
         (496,'2019-000020',1,3,3,1,2,2,11,452.17,242.12,1,2),
         (497,'2019-000020',1,2,1,1,2,2,14,321.17,292.1,2,3);

INSERT INTO FACTURACION (ID_VENTA, NUM_FACTURA, ID_FACTURA, ID_ARTICULO, ID_MARCA, ID_CLIENTE, ID_CIUDAD, ID_PAIS, CANTIDAD, PRECIO, COSTO, ID_PAGO, ID_TIPO)
VALUES   (498,'2019-000020',1,3,4,3,3,2,22,378.24,260.25,1,3),
         (499,'2019-000020',2,3,3,3,1,2,22,621.65,578.82,1,2),
         (500,'2019-000020',2,3,3,3,2,2,22,874.87,536.8,2,2),
         (501,'2019-000020',2,4,2,1,2,1,21,579.17,236.80,2,3),
         (502,'2019-000020',2,3,1,3,4,2,23,574.87,274.84,4,1),
         (503,'2019-000020',3,3,2,3,1,2,27,954.87,577.82,2,3),
         (504,'2019-000020',1,4,4,8,2,4,12,777.69,677.86,3,1),
         (505,'2019-000020',2,3,3,3,2,2,22,574.87,236.8,2,2),
         (506,'2019-000020',2,1,2,3,2,2,10,587.82,282.82,2,3),
         (507,'2019-000020',1,2,3,1,2,2,11,584.17,282.11,2,3),
         (508,'2019-000020',2,3,3,1,1,2,12,574.17,212.13,2,2),
         (509,'2019-000020',1,2,3,1,2,2,11,536.17,262.17,2,2),
         (510,'2019-000020',2,2,3,1,2,2,10,456.17,232.20,2,2),
         (511,'2019-000020',1,3,3,1,2,2,11,452.17,242.12,1,2),
         (512,'2019-000020',1,2,1,1,2,2,14,321.17,292.1,2,3);